nodes,rpn,arm,kernel_median_s,kernel_q1_s,kernel_q3_s,comm_median_s,comm_q1_s,comm_q3_s,comp_median_s,comp_q1_s,comp_q3_s
1,1,default_serial,0.340399,0.339672,0.340468,0.0359809,0.0358618,0.0359853,0.30439,0.303801,0.304478
1,1,default_overlap,0.343403,0.342552,0.343766,0.000221607,0.000220958,0.000222393,0.34317,0.342308,0.343531
1,1,trigger_serial,0.33981,0.337136,0.340482,0.0359732,0.0359064,0.0359847,0.303894,0.301874,0.3044
1,1,trigger_overlap,0.341415,0.341138,0.343833,0.00022286,0.000222842,0.000223617,0.341183,0.340906,0.343592
1,1,proxy_serial,0.338925,0.33885,0.340621,0.035972,0.0349709,0.0360963,0.304062,0.303926,0.304604
1,1,proxy_overlap,0.341556,0.341378,0.342619,2.7566e-05,2.6146e-05,2.7826e-05,0.341495,0.341317,0.342531
1,8,default_serial,0.0663072,0.0662913,0.0663166,0.0166038,0.0164977,0.0166098,0.0497315,0.0497002,0.0497774
1,8,default_overlap,0.0587976,0.0586454,0.0589145,0.0119383,0.0115751,0.0119628,0.0580089,0.0579731,0.0583143
1,8,trigger_serial,0.119219,0.117642,0.119789,0.0695606,0.0677947,0.0699591,0.0498293,0.0496694,0.0498521
1,8,trigger_overlap,0.0767665,0.0765155,0.0771569,0.0302247,0.0302207,0.0302855,0.0573862,0.0573373,0.0574249
1,8,proxy_serial,0.104767,0.104433,0.104797,0.0548117,0.0547921,0.0548451,0.0499239,0.0496225,0.0500018
1,8,proxy_overlap,0.0656611,0.0655613,0.0657104,0.0216184,0.0209508,0.0226813,0.0558135,0.0557688,0.0559282
2,1,default_serial,0.171774,0.170841,0.172011,0.0169485,0.0169374,0.0170489,0.154937,0.153795,0.155082
2,1,default_overlap,0.162515,0.162254,0.162745,0.00141742,0.00141188,0.00152006,0.161075,0.160841,0.161443
2,1,trigger_serial,0.170929,0.170414,0.171581,0.0169046,0.0168711,0.0169203,0.153989,0.153518,0.1547
2,1,trigger_overlap,0.162413,0.162394,0.162454,0.0013757,0.00133258,0.00149656,0.16107,0.16099,0.161179
2,1,proxy_serial,0.171106,0.170704,0.17192,0.0168127,0.016711,0.0169123,0.154526,0.154005,0.155159
2,1,proxy_overlap,0.160307,0.160296,0.161179,0.00116071,0.000946651,0.00126174,0.159501,0.15932,0.160328
2,8,default_serial,0.0534963,0.0532874,0.0535094,0.0216459,0.0216262,0.0217418,0.031775,0.0316818,0.0319694
2,8,default_overlap,0.0409553,0.040901,0.0413982,0.0106081,0.0101639,0.0111839,0.0397073,0.0396767,0.0404898
2,8,trigger_serial,0.115594,0.110078,0.116295,0.0838652,0.0783115,0.084435,0.0318187,0.0317917,0.0319019
2,8,trigger_overlap,0.0943524,0.0927488,0.095765,0.0648083,0.0632534,0.0660856,0.0388889,0.03888,0.0388987
2,8,proxy_serial,0.0877335,0.0875085,0.0877692,0.055904,0.055798,0.0559192,0.0317949,0.0317601,0.0319936
2,8,proxy_overlap,0.0669246,0.0669163,0.0669498,0.0401579,0.0401284,0.0407098,0.0371389,0.0371241,0.0372863
4,1,default_serial,0.123882,0.123882,0.123933,0.0392438,0.039243,0.0392652,0.0846713,0.0846462,0.0846741
4,1,default_overlap,0.0936249,0.0935974,0.093695,0.00985046,0.00965422,0.0099198,0.0923009,0.0922242,0.0923267
4,1,trigger_serial,0.124203,0.124129,0.124215,0.0394151,0.0393565,0.0394295,0.0848293,0.0848016,0.0848645
4,1,trigger_overlap,0.0937603,0.093732,0.0938149,0.00960038,0.00948462,0.00998634,0.0923725,0.0923233,0.0924129
4,1,proxy_serial,0.114328,0.114182,0.114555,0.0293764,0.0293714,0.0294039,0.0850712,0.0848558,0.0852144
4,1,proxy_overlap,0.091539,0.0914572,0.0916206,0.0111241,0.0108147,0.0112057,0.0906987,0.0906983,0.0907851
4,8,default_serial,0.0410795,0.0410553,0.041084,0.0222354,0.0221878,0.022265,0.0189973,0.0189743,0.0190096
4,8,default_overlap,0.0340688,0.0339753,0.0342146,0.0110182,0.0109396,0.0110329,0.0299952,0.0296763,0.030273
4,8,trigger_serial,0.1091,0.107628,0.109619,0.0901576,0.0886831,0.0907243,0.0190465,0.019031,0.0190766
4,8,trigger_overlap,0.102373,0.102099,0.104102,0.0812734,0.0812124,0.0829361,0.0270534,0.0269012,0.027114
4,8,proxy_serial,0.0751082,0.0750137,0.075121,0.0561868,0.0561371,0.0562106,0.0189949,0.0189918,0.0190457
4,8,proxy_overlap,0.0674178,0.0673623,0.0674229,0.0495314,0.0495298,0.0496731,0.0239436,0.023915,0.0239971
