kind,arm,nodes,rpn,ranks,rep,grid,steps,kernel_s,comm_s,comp_s,checksum_set,staged,pushed,path
standard,default_overlap,1,1,1,1,400,100,0.343869,0.000222393,0.343625,0:3a710ca46ddaae52,0,0,docs/experiments/minimod-paper/paper-v1-grid400/raw/standard-n1-rpn1-rep1-default_overlap.log
standard,default_serial,1,1,1,1,400,100,0.340468,0.0359809,0.304478,0:3a710ca46ddaae52,0,0,docs/experiments/minimod-paper/paper-v1-grid400/raw/standard-n1-rpn1-rep1-default_serial.log
standard,proxy_overlap,1,1,1,1,400,100,0.342619,2.7826e-05,0.342531,0:3a710ca46ddaae52,0,0,docs/experiments/minimod-paper/paper-v1-grid400/raw/standard-n1-rpn1-rep1-proxy_overlap.log
standard,proxy_serial,1,1,1,1,400,100,0.340915,0.0362829,0.304604,0:3a710ca46ddaae52,0,0,docs/experiments/minimod-paper/paper-v1-grid400/raw/standard-n1-rpn1-rep1-proxy_serial.log
standard,trigger_overlap,1,1,1,1,400,100,0.344114,0.000222842,0.343882,0:3a710ca46ddaae52,0,0,docs/experiments/minimod-paper/paper-v1-grid400/raw/standard-n1-rpn1-rep1-trigger_overlap.log
standard,trigger_serial,1,1,1,1,400,100,0.340482,0.036073,0.3044,0:3a710ca46ddaae52,0,0,docs/experiments/minimod-paper/paper-v1-grid400/raw/standard-n1-rpn1-rep1-trigger_serial.log
standard,default_overlap,1,1,1,2,400,100,0.343766,0.000223824,0.343531,0:3a710ca46ddaae52,0,0,docs/experiments/minimod-paper/paper-v1-grid400/raw/standard-n1-rpn1-rep2-default_overlap.log
standard,default_serial,1,1,1,2,400,100,0.340399,0.036,0.30439,0:3a710ca46ddaae52,0,0,docs/experiments/minimod-paper/paper-v1-grid400/raw/standard-n1-rpn1-rep2-default_serial.log
standard,proxy_overlap,1,1,1,2,400,100,0.343953,2.3581e-05,0.34389,0:3a710ca46ddaae52,0,0,docs/experiments/minimod-paper/paper-v1-grid400/raw/standard-n1-rpn1-rep2-proxy_overlap.log
standard,proxy_serial,1,1,1,2,400,100,0.340621,0.035972,0.304618,0:3a710ca46ddaae52,0,0,docs/experiments/minimod-paper/paper-v1-grid400/raw/standard-n1-rpn1-rep2-proxy_serial.log
standard,trigger_overlap,1,1,1,2,400,100,0.343833,0.000231416,0.343592,0:3a710ca46ddaae52,0,0,docs/experiments/minimod-paper/paper-v1-grid400/raw/standard-n1-rpn1-rep2-trigger_overlap.log
standard,trigger_serial,1,1,1,2,400,100,0.336882,0.0349986,0.301874,0:3a710ca46ddaae52,0,0,docs/experiments/minimod-paper/paper-v1-grid400/raw/standard-n1-rpn1-rep2-trigger_serial.log
standard,default_overlap,1,1,1,3,400,100,0.342552,0.000221607,0.342308,0:3a710ca46ddaae52,0,0,docs/experiments/minimod-paper/paper-v1-grid400/raw/standard-n1-rpn1-rep3-default_overlap.log
standard,default_serial,1,1,1,3,400,100,0.340502,0.0359853,0.304508,0:3a710ca46ddaae52,0,0,docs/experiments/minimod-paper/paper-v1-grid400/raw/standard-n1-rpn1-rep3-default_serial.log
standard,proxy_overlap,1,1,1,3,400,100,0.341228,2.7968e-05,0.341143,0:3a710ca46ddaae52,0,0,docs/experiments/minimod-paper/paper-v1-grid400/raw/standard-n1-rpn1-rep3-proxy_overlap.log
standard,proxy_serial,1,1,1,3,400,100,0.337315,0.0360963,0.301202,0:3a710ca46ddaae52,0,0,docs/experiments/minimod-paper/paper-v1-grid400/raw/standard-n1-rpn1-rep3-proxy_serial.log
standard,trigger_overlap,1,1,1,3,400,100,0.341415,0.000222433,0.341183,0:3a710ca46ddaae52,0,0,docs/experiments/minimod-paper/paper-v1-grid400/raw/standard-n1-rpn1-rep3-trigger_overlap.log
standard,trigger_serial,1,1,1,3,400,100,0.340504,0.0359732,0.304521,0:3a710ca46ddaae52,0,0,docs/experiments/minimod-paper/paper-v1-grid400/raw/standard-n1-rpn1-rep3-trigger_serial.log
standard,default_overlap,1,1,1,4,400,100,0.341374,0.000220619,0.34113,0:3a710ca46ddaae52,0,0,docs/experiments/minimod-paper/paper-v1-grid400/raw/standard-n1-rpn1-rep4-default_overlap.log
standard,default_serial,1,1,1,4,400,100,0.33732,0.0358562,0.301454,0:3a710ca46ddaae52,0,0,docs/experiments/minimod-paper/paper-v1-grid400/raw/standard-n1-rpn1-rep4-default_serial.log
standard,proxy_overlap,1,1,1,4,400,100,0.341556,2.7566e-05,0.341495,0:3a710ca46ddaae52,0,0,docs/experiments/minimod-paper/paper-v1-grid400/raw/standard-n1-rpn1-rep4-proxy_overlap.log
standard,proxy_serial,1,1,1,4,400,100,0.33885,0.0347781,0.304062,0:3a710ca46ddaae52,0,0,docs/experiments/minimod-paper/paper-v1-grid400/raw/standard-n1-rpn1-rep4-proxy_serial.log
standard,trigger_overlap,1,1,1,4,400,100,0.341138,0.00022286,0.340906,0:3a710ca46ddaae52,0,0,docs/experiments/minimod-paper/paper-v1-grid400/raw/standard-n1-rpn1-rep4-trigger_overlap.log
standard,trigger_serial,1,1,1,4,400,100,0.337136,0.0359847,0.301142,0:3a710ca46ddaae52,0,0,docs/experiments/minimod-paper/paper-v1-grid400/raw/standard-n1-rpn1-rep4-trigger_serial.log
standard,default_overlap,1,1,1,5,400,100,0.343403,0.000220958,0.34317,0:3a710ca46ddaae52,0,0,docs/experiments/minimod-paper/paper-v1-grid400/raw/standard-n1-rpn1-rep5-default_overlap.log
standard,default_serial,1,1,1,5,400,100,0.339672,0.0358618,0.303801,0:3a710ca46ddaae52,0,0,docs/experiments/minimod-paper/paper-v1-grid400/raw/standard-n1-rpn1-rep5-default_serial.log
standard,proxy_overlap,1,1,1,5,400,100,0.341378,2.6146e-05,0.341317,0:3a710ca46ddaae52,0,0,docs/experiments/minimod-paper/paper-v1-grid400/raw/standard-n1-rpn1-rep5-proxy_overlap.log
standard,proxy_serial,1,1,1,5,400,100,0.338925,0.0349709,0.303926,0:3a710ca46ddaae52,0,0,docs/experiments/minimod-paper/paper-v1-grid400/raw/standard-n1-rpn1-rep5-proxy_serial.log
standard,trigger_overlap,1,1,1,5,400,100,0.340991,0.000223617,0.340758,0:3a710ca46ddaae52,0,0,docs/experiments/minimod-paper/paper-v1-grid400/raw/standard-n1-rpn1-rep5-trigger_overlap.log
standard,trigger_serial,1,1,1,5,400,100,0.33981,0.0359064,0.303894,0:3a710ca46ddaae52,0,0,docs/experiments/minimod-paper/paper-v1-grid400/raw/standard-n1-rpn1-rep5-trigger_serial.log
standard,default_overlap,1,8,8,1,400,100,0.0585213,0.0119628,0.0579206,0:f42f0682210f1b83;1:f42f0682210f1b83;2:153043b918134cf8;3:558fd23b5815c956;4:38eb21af7f824e3c;5:52136da07e699794;6:f42f0682210f1b83;7:f42f0682210f1b83,0,0,docs/experiments/minimod-paper/paper-v1-grid400/raw/standard-n1-rpn8-rep1-default_overlap.log
standard,default_serial,1,8,8,1,400,100,0.0662913,0.0166038,0.0496803,0:f42f0682210f1b83;1:f42f0682210f1b83;2:153043b918134cf8;3:558fd23b5815c956;4:38eb21af7f824e3c;5:52136da07e699794;6:f42f0682210f1b83;7:f42f0682210f1b83,0,0,docs/experiments/minimod-paper/paper-v1-grid400/raw/standard-n1-rpn8-rep1-default_serial.log
standard,proxy_overlap,1,8,8,1,400,100,0.0656611,0.0209354,0.0559282,0:f42f0682210f1b83;1:f42f0682210f1b83;2:153043b918134cf8;3:558fd23b5815c956;4:38eb21af7f824e3c;5:52136da07e699794;6:f42f0682210f1b83;7:f42f0682210f1b83,0,1400,docs/experiments/minimod-paper/paper-v1-grid400/raw/standard-n1-rpn8-rep1-proxy_overlap.log
standard,proxy_serial,1,8,8,1,400,100,0.104767,0.0548451,0.0499239,0:f42f0682210f1b83;1:f42f0682210f1b83;2:153043b918134cf8;3:558fd23b5815c956;4:38eb21af7f824e3c;5:52136da07e699794;6:f42f0682210f1b83;7:f42f0682210f1b83,0,1400,docs/experiments/minimod-paper/paper-v1-grid400/raw/standard-n1-rpn8-rep1-proxy_serial.log
standard,trigger_overlap,1,8,8,1,400,100,0.0771569,0.0302207,0.0572553,0:f42f0682210f1b83;1:f42f0682210f1b83;2:153043b918134cf8;3:558fd23b5815c956;4:38eb21af7f824e3c;5:52136da07e699794;6:f42f0682210f1b83;7:f42f0682210f1b83,1400,0,docs/experiments/minimod-paper/paper-v1-grid400/raw/standard-n1-rpn8-rep1-trigger_overlap.log
standard,trigger_serial,1,8,8,1,400,100,0.12617,0.0762466,0.0499217,0:f42f0682210f1b83;1:f42f0682210f1b83;2:153043b918134cf8;3:558fd23b5815c956;4:38eb21af7f824e3c;5:52136da07e699794;6:f42f0682210f1b83;7:f42f0682210f1b83,1400,0,docs/experiments/minimod-paper/paper-v1-grid400/raw/standard-n1-rpn8-rep1-trigger_serial.log
standard,default_overlap,1,8,8,2,400,100,0.0595118,0.0128999,0.0589456,0:f42f0682210f1b83;1:f42f0682210f1b83;2:153043b918134cf8;3:558fd23b5815c956;4:38eb21af7f824e3c;5:52136da07e699794;6:f42f0682210f1b83;7:f42f0682210f1b83,0,0,docs/experiments/minimod-paper/paper-v1-grid400/raw/standard-n1-rpn8-rep2-default_overlap.log
standard,default_serial,1,8,8,2,400,100,0.0663851,0.0166098,0.0497774,0:f42f0682210f1b83;1:f42f0682210f1b83;2:153043b918134cf8;3:558fd23b5815c956;4:38eb21af7f824e3c;5:52136da07e699794;6:f42f0682210f1b83;7:f42f0682210f1b83,0,0,docs/experiments/minimod-paper/paper-v1-grid400/raw/standard-n1-rpn8-rep2-default_serial.log
standard,proxy_overlap,1,8,8,2,400,100,0.0657104,0.0209508,0.0558135,0:f42f0682210f1b83;1:f42f0682210f1b83;2:153043b918134cf8;3:558fd23b5815c956;4:38eb21af7f824e3c;5:52136da07e699794;6:f42f0682210f1b83;7:f42f0682210f1b83,0,1400,docs/experiments/minimod-paper/paper-v1-grid400/raw/standard-n1-rpn8-rep2-proxy_overlap.log
standard,proxy_serial,1,8,8,2,400,100,0.104797,0.0547921,0.0500018,0:f42f0682210f1b83;1:f42f0682210f1b83;2:153043b918134cf8;3:558fd23b5815c956;4:38eb21af7f824e3c;5:52136da07e699794;6:f42f0682210f1b83;7:f42f0682210f1b83,0,1400,docs/experiments/minimod-paper/paper-v1-grid400/raw/standard-n1-rpn8-rep2-proxy_serial.log
standard,trigger_overlap,1,8,8,2,400,100,0.0767665,0.0300807,0.0573373,0:f42f0682210f1b83;1:f42f0682210f1b83;2:153043b918134cf8;3:558fd23b5815c956;4:38eb21af7f824e3c;5:52136da07e699794;6:f42f0682210f1b83;7:f42f0682210f1b83,1400,0,docs/experiments/minimod-paper/paper-v1-grid400/raw/standard-n1-rpn8-rep2-trigger_overlap.log
standard,trigger_serial,1,8,8,2,400,100,0.117642,0.0677947,0.0498521,0:f42f0682210f1b83;1:f42f0682210f1b83;2:153043b918134cf8;3:558fd23b5815c956;4:38eb21af7f824e3c;5:52136da07e699794;6:f42f0682210f1b83;7:f42f0682210f1b83,1400,0,docs/experiments/minimod-paper/paper-v1-grid400/raw/standard-n1-rpn8-rep2-trigger_serial.log
standard,default_overlap,1,8,8,3,400,100,0.0589145,0.0119383,0.0583143,0:f42f0682210f1b83;1:f42f0682210f1b83;2:153043b918134cf8;3:558fd23b5815c956;4:38eb21af7f824e3c;5:52136da07e699794;6:f42f0682210f1b83;7:f42f0682210f1b83,0,0,docs/experiments/minimod-paper/paper-v1-grid400/raw/standard-n1-rpn8-rep3-default_overlap.log
standard,default_serial,1,8,8,3,400,100,0.0662303,0.0164977,0.0497315,0:f42f0682210f1b83;1:f42f0682210f1b83;2:153043b918134cf8;3:558fd23b5815c956;4:38eb21af7f824e3c;5:52136da07e699794;6:f42f0682210f1b83;7:f42f0682210f1b83,0,0,docs/experiments/minimod-paper/paper-v1-grid400/raw/standard-n1-rpn8-rep3-default_serial.log
standard,proxy_overlap,1,8,8,3,400,100,0.0655247,0.0226813,0.055762,0:f42f0682210f1b83;1:f42f0682210f1b83;2:153043b918134cf8;3:558fd23b5815c956;4:38eb21af7f824e3c;5:52136da07e699794;6:f42f0682210f1b83;7:f42f0682210f1b83,0,1400,docs/experiments/minimod-paper/paper-v1-grid400/raw/standard-n1-rpn8-rep3-proxy_overlap.log
standard,proxy_serial,1,8,8,3,400,100,0.104958,0.0549381,0.0500153,0:f42f0682210f1b83;1:f42f0682210f1b83;2:153043b918134cf8;3:558fd23b5815c956;4:38eb21af7f824e3c;5:52136da07e699794;6:f42f0682210f1b83;7:f42f0682210f1b83,0,1400,docs/experiments/minimod-paper/paper-v1-grid400/raw/standard-n1-rpn8-rep3-proxy_serial.log
standard,trigger_overlap,1,8,8,3,400,100,0.0765155,0.0302247,0.0573862,0:f42f0682210f1b83;1:f42f0682210f1b83;2:153043b918134cf8;3:558fd23b5815c956;4:38eb21af7f824e3c;5:52136da07e699794;6:f42f0682210f1b83;7:f42f0682210f1b83,1400,0,docs/experiments/minimod-paper/paper-v1-grid400/raw/standard-n1-rpn8-rep3-trigger_overlap.log
standard,trigger_serial,1,8,8,3,400,100,0.116541,0.0670032,0.0495394,0:f42f0682210f1b83;1:f42f0682210f1b83;2:153043b918134cf8;3:558fd23b5815c956;4:38eb21af7f824e3c;5:52136da07e699794;6:f42f0682210f1b83;7:f42f0682210f1b83,1400,0,docs/experiments/minimod-paper/paper-v1-grid400/raw/standard-n1-rpn8-rep3-trigger_serial.log
standard,default_overlap,1,8,8,4,400,100,0.0587976,0.0107105,0.0579731,0:f42f0682210f1b83;1:f42f0682210f1b83;2:153043b918134cf8;3:558fd23b5815c956;4:38eb21af7f824e3c;5:52136da07e699794;6:f42f0682210f1b83;7:f42f0682210f1b83,0,0,docs/experiments/minimod-paper/paper-v1-grid400/raw/standard-n1-rpn8-rep4-default_overlap.log
standard,default_serial,1,8,8,4,400,100,0.0663072,0.0164647,0.0498369,0:f42f0682210f1b83;1:f42f0682210f1b83;2:153043b918134cf8;3:558fd23b5815c956;4:38eb21af7f824e3c;5:52136da07e699794;6:f42f0682210f1b83;7:f42f0682210f1b83,0,0,docs/experiments/minimod-paper/paper-v1-grid400/raw/standard-n1-rpn8-rep4-default_serial.log
standard,proxy_overlap,1,8,8,4,400,100,0.0657625,0.0216184,0.0557688,0:f42f0682210f1b83;1:f42f0682210f1b83;2:153043b918134cf8;3:558fd23b5815c956;4:38eb21af7f824e3c;5:52136da07e699794;6:f42f0682210f1b83;7:f42f0682210f1b83,0,1400,docs/experiments/minimod-paper/paper-v1-grid400/raw/standard-n1-rpn8-rep4-proxy_overlap.log
standard,proxy_serial,1,8,8,4,400,100,0.104246,0.0547566,0.0494875,0:f42f0682210f1b83;1:f42f0682210f1b83;2:153043b918134cf8;3:558fd23b5815c956;4:38eb21af7f824e3c;5:52136da07e699794;6:f42f0682210f1b83;7:f42f0682210f1b83,0,1400,docs/experiments/minimod-paper/paper-v1-grid400/raw/standard-n1-rpn8-rep4-proxy_serial.log
standard,trigger_overlap,1,8,8,4,400,100,0.0764845,0.0302855,0.0574249,0:f42f0682210f1b83;1:f42f0682210f1b83;2:153043b918134cf8;3:558fd23b5815c956;4:38eb21af7f824e3c;5:52136da07e699794;6:f42f0682210f1b83;7:f42f0682210f1b83,1400,0,docs/experiments/minimod-paper/paper-v1-grid400/raw/standard-n1-rpn8-rep4-trigger_overlap.log
standard,trigger_serial,1,8,8,4,400,100,0.119789,0.0699591,0.0498293,0:f42f0682210f1b83;1:f42f0682210f1b83;2:153043b918134cf8;3:558fd23b5815c956;4:38eb21af7f824e3c;5:52136da07e699794;6:f42f0682210f1b83;7:f42f0682210f1b83,1400,0,docs/experiments/minimod-paper/paper-v1-grid400/raw/standard-n1-rpn8-rep4-trigger_serial.log
standard,default_overlap,1,8,8,5,400,100,0.0586454,0.0115751,0.0580089,0:f42f0682210f1b83;1:f42f0682210f1b83;2:153043b918134cf8;3:558fd23b5815c956;4:38eb21af7f824e3c;5:52136da07e699794;6:f42f0682210f1b83;7:f42f0682210f1b83,0,0,docs/experiments/minimod-paper/paper-v1-grid400/raw/standard-n1-rpn8-rep5-default_overlap.log
standard,default_serial,1,8,8,5,400,100,0.0663166,0.0166118,0.0497002,0:f42f0682210f1b83;1:f42f0682210f1b83;2:153043b918134cf8;3:558fd23b5815c956;4:38eb21af7f824e3c;5:52136da07e699794;6:f42f0682210f1b83;7:f42f0682210f1b83,0,0,docs/experiments/minimod-paper/paper-v1-grid400/raw/standard-n1-rpn8-rep5-default_serial.log
standard,proxy_overlap,1,8,8,5,400,100,0.0655613,0.0228223,0.0563073,0:f42f0682210f1b83;1:f42f0682210f1b83;2:153043b918134cf8;3:558fd23b5815c956;4:38eb21af7f824e3c;5:52136da07e699794;6:f42f0682210f1b83;7:f42f0682210f1b83,0,1400,docs/experiments/minimod-paper/paper-v1-grid400/raw/standard-n1-rpn8-rep5-proxy_overlap.log
standard,proxy_serial,1,8,8,5,400,100,0.104433,0.0548117,0.0496225,0:f42f0682210f1b83;1:f42f0682210f1b83;2:153043b918134cf8;3:558fd23b5815c956;4:38eb21af7f824e3c;5:52136da07e699794;6:f42f0682210f1b83;7:f42f0682210f1b83,0,1400,docs/experiments/minimod-paper/paper-v1-grid400/raw/standard-n1-rpn8-rep5-proxy_serial.log
standard,trigger_overlap,1,8,8,5,400,100,0.0782658,0.0305063,0.0575747,0:f42f0682210f1b83;1:f42f0682210f1b83;2:153043b918134cf8;3:558fd23b5815c956;4:38eb21af7f824e3c;5:52136da07e699794;6:f42f0682210f1b83;7:f42f0682210f1b83,1400,0,docs/experiments/minimod-paper/paper-v1-grid400/raw/standard-n1-rpn8-rep5-trigger_overlap.log
standard,trigger_serial,1,8,8,5,400,100,0.119219,0.0695606,0.0496694,0:f42f0682210f1b83;1:f42f0682210f1b83;2:153043b918134cf8;3:558fd23b5815c956;4:38eb21af7f824e3c;5:52136da07e699794;6:f42f0682210f1b83;7:f42f0682210f1b83,1400,0,docs/experiments/minimod-paper/paper-v1-grid400/raw/standard-n1-rpn8-rep5-trigger_serial.log
standard,default_overlap,2,1,2,1,400,100,0.162236,0.00138119,0.160841,0:b49fc642bbe5e9dd;1:6ba9062853d0eaa7,200,0,docs/experiments/minimod-paper/paper-v1-grid400/raw/standard-n2-rpn1-rep1-default_overlap.log
standard,default_serial,2,1,2,1,400,100,0.172011,0.0170705,0.155082,0:b49fc642bbe5e9dd;1:6ba9062853d0eaa7,200,0,docs/experiments/minimod-paper/paper-v1-grid400/raw/standard-n2-rpn1-rep1-default_serial.log
standard,proxy_overlap,2,1,2,1,400,100,0.160296,0.000862867,0.159501,0:b49fc642bbe5e9dd;1:6ba9062853d0eaa7,0,200,docs/experiments/minimod-paper/paper-v1-grid400/raw/standard-n2-rpn1-rep1-proxy_overlap.log
standard,proxy_serial,2,1,2,1,400,100,0.17039,0.016711,0.153698,0:b49fc642bbe5e9dd;1:6ba9062853d0eaa7,0,200,docs/experiments/minimod-paper/paper-v1-grid400/raw/standard-n2-rpn1-rep1-proxy_serial.log
standard,trigger_overlap,2,1,2,1,400,100,0.162394,0.0012046,0.161179,0:b49fc642bbe5e9dd;1:6ba9062853d0eaa7,200,0,docs/experiments/minimod-paper/paper-v1-grid400/raw/standard-n2-rpn1-rep1-trigger_overlap.log
standard,trigger_serial,2,1,2,1,400,100,0.170394,0.0168688,0.153513,0:b49fc642bbe5e9dd;1:6ba9062853d0eaa7,200,0,docs/experiments/minimod-paper/paper-v1-grid400/raw/standard-n2-rpn1-rep1-trigger_serial.log
standard,default_overlap,2,1,2,2,400,100,0.162745,0.00141742,0.161443,0:b49fc642bbe5e9dd;1:6ba9062853d0eaa7,200,0,docs/experiments/minimod-paper/paper-v1-grid400/raw/standard-n2-rpn1-rep2-default_overlap.log
standard,default_serial,2,1,2,2,400,100,0.170841,0.0170489,0.153795,0:b49fc642bbe5e9dd;1:6ba9062853d0eaa7,200,0,docs/experiments/minimod-paper/paper-v1-grid400/raw/standard-n2-rpn1-rep2-default_serial.log
standard,proxy_overlap,2,1,2,2,400,100,0.160307,0.000946651,0.15932,0:b49fc642bbe5e9dd;1:6ba9062853d0eaa7,0,200,docs/experiments/minimod-paper/paper-v1-grid400/raw/standard-n2-rpn1-rep2-proxy_overlap.log
standard,proxy_serial,2,1,2,2,400,100,0.17192,0.0169123,0.155159,0:b49fc642bbe5e9dd;1:6ba9062853d0eaa7,0,200,docs/experiments/minimod-paper/paper-v1-grid400/raw/standard-n2-rpn1-rep2-proxy_serial.log
standard,trigger_overlap,2,1,2,2,400,100,0.162284,0.0013757,0.160897,0:b49fc642bbe5e9dd;1:6ba9062853d0eaa7,200,0,docs/experiments/minimod-paper/paper-v1-grid400/raw/standard-n2-rpn1-rep2-trigger_overlap.log
standard,trigger_serial,2,1,2,2,400,100,0.170414,0.0169046,0.153518,0:b49fc642bbe5e9dd;1:6ba9062853d0eaa7,200,0,docs/experiments/minimod-paper/paper-v1-grid400/raw/standard-n2-rpn1-rep2-trigger_serial.log
standard,default_overlap,2,1,2,3,400,100,0.162254,0.00152006,0.160719,0:b49fc642bbe5e9dd;1:6ba9062853d0eaa7,200,0,docs/experiments/minimod-paper/paper-v1-grid400/raw/standard-n2-rpn1-rep3-default_overlap.log
standard,default_serial,2,1,2,3,400,100,0.170699,0.0169485,0.153739,0:b49fc642bbe5e9dd;1:6ba9062853d0eaa7,200,0,docs/experiments/minimod-paper/paper-v1-grid400/raw/standard-n2-rpn1-rep3-default_serial.log
standard,proxy_overlap,2,1,2,3,400,100,0.16002,0.00116071,0.158988,0:b49fc642bbe5e9dd;1:6ba9062853d0eaa7,0,200,docs/experiments/minimod-paper/paper-v1-grid400/raw/standard-n2-rpn1-rep3-proxy_overlap.log
standard,proxy_serial,2,1,2,3,400,100,0.170704,0.0168127,0.154005,0:b49fc642bbe5e9dd;1:6ba9062853d0eaa7,0,200,docs/experiments/minimod-paper/paper-v1-grid400/raw/standard-n2-rpn1-rep3-proxy_serial.log
standard,trigger_overlap,2,1,2,3,400,100,0.162413,0.00133258,0.16107,0:b49fc642bbe5e9dd;1:6ba9062853d0eaa7,200,0,docs/experiments/minimod-paper/paper-v1-grid400/raw/standard-n2-rpn1-rep3-trigger_overlap.log
standard,trigger_serial,2,1,2,3,400,100,0.172083,0.0169203,0.155274,0:b49fc642bbe5e9dd;1:6ba9062853d0eaa7,200,0,docs/experiments/minimod-paper/paper-v1-grid400/raw/standard-n2-rpn1-rep3-trigger_serial.log
standard,default_overlap,2,1,2,4,400,100,0.162515,0.00141188,0.161075,0:b49fc642bbe5e9dd;1:6ba9062853d0eaa7,200,0,docs/experiments/minimod-paper/paper-v1-grid400/raw/standard-n2-rpn1-rep4-default_overlap.log
standard,default_serial,2,1,2,4,400,100,0.171774,0.0169374,0.154937,0:b49fc642bbe5e9dd;1:6ba9062853d0eaa7,200,0,docs/experiments/minimod-paper/paper-v1-grid400/raw/standard-n2-rpn1-rep4-default_serial.log
standard,proxy_overlap,2,1,2,4,400,100,0.161179,0.00221203,0.160328,0:b49fc642bbe5e9dd;1:6ba9062853d0eaa7,0,200,docs/experiments/minimod-paper/paper-v1-grid400/raw/standard-n2-rpn1-rep4-proxy_overlap.log
standard,proxy_serial,2,1,2,4,400,100,0.172001,0.0169733,0.155182,0:b49fc642bbe5e9dd;1:6ba9062853d0eaa7,0,200,docs/experiments/minimod-paper/paper-v1-grid400/raw/standard-n2-rpn1-rep4-proxy_serial.log
standard,trigger_overlap,2,1,2,4,400,100,0.162454,0.00156534,0.16099,0:b49fc642bbe5e9dd;1:6ba9062853d0eaa7,200,0,docs/experiments/minimod-paper/paper-v1-grid400/raw/standard-n2-rpn1-rep4-trigger_overlap.log
standard,trigger_serial,2,1,2,4,400,100,0.170929,0.0170493,0.153989,0:b49fc642bbe5e9dd;1:6ba9062853d0eaa7,200,0,docs/experiments/minimod-paper/paper-v1-grid400/raw/standard-n2-rpn1-rep4-trigger_serial.log
standard,default_overlap,2,1,2,5,400,100,0.16384,0.00164753,0.162384,0:b49fc642bbe5e9dd;1:6ba9062853d0eaa7,200,0,docs/experiments/minimod-paper/paper-v1-grid400/raw/standard-n2-rpn1-rep5-default_overlap.log
standard,default_serial,2,1,2,5,400,100,0.172044,0.0168429,0.155237,0:b49fc642bbe5e9dd;1:6ba9062853d0eaa7,200,0,docs/experiments/minimod-paper/paper-v1-grid400/raw/standard-n2-rpn1-rep5-default_serial.log
standard,proxy_overlap,2,1,2,5,400,100,0.161503,0.00126174,0.160377,0:b49fc642bbe5e9dd;1:6ba9062853d0eaa7,0,200,docs/experiments/minimod-paper/paper-v1-grid400/raw/standard-n2-rpn1-rep5-proxy_overlap.log
standard,proxy_serial,2,1,2,5,400,100,0.171106,0.0165708,0.154526,0:b49fc642bbe5e9dd;1:6ba9062853d0eaa7,0,200,docs/experiments/minimod-paper/paper-v1-grid400/raw/standard-n2-rpn1-rep5-proxy_serial.log
standard,trigger_overlap,2,1,2,5,400,100,0.163184,0.00149656,0.162129,0:b49fc642bbe5e9dd;1:6ba9062853d0eaa7,200,0,docs/experiments/minimod-paper/paper-v1-grid400/raw/standard-n2-rpn1-rep5-trigger_overlap.log
standard,trigger_serial,2,1,2,5,400,100,0.171581,0.0168711,0.1547,0:b49fc642bbe5e9dd;1:6ba9062853d0eaa7,200,0,docs/experiments/minimod-paper/paper-v1-grid400/raw/standard-n2-rpn1-rep5-trigger_serial.log
standard,default_overlap,2,8,16,1,400,100,0.0406926,0.0106081,0.0396449,0:75adb5f5623e0f83;1:75adb5f5623e0f83;2:75adb5f5623e0f83;3:75adb5f5623e0f83;4:8eccbbf5994cdaa8;5:4e89388f527de4bb;6:f94393bcddb85cdf;7:48198bae1097252a;8:21121f95008ea0bd;9:25f3d70f39ccbcfe;10:c7dcedafb8f8d9ab;11:905871317fc9994c;12:75adb5f5623e0f83;13:75adb5f5623e0f83;14:75adb5f5623e0f83;15:75adb5f5623e0f83,200,0,docs/experiments/minimod-paper/paper-v1-grid400/raw/standard-n2-rpn8-rep1-default_overlap.log
standard,default_serial,2,8,16,1,400,100,0.0532874,0.0216459,0.0316818,0:75adb5f5623e0f83;1:75adb5f5623e0f83;2:75adb5f5623e0f83;3:75adb5f5623e0f83;4:8eccbbf5994cdaa8;5:4e89388f527de4bb;6:f94393bcddb85cdf;7:48198bae1097252a;8:21121f95008ea0bd;9:25f3d70f39ccbcfe;10:c7dcedafb8f8d9ab;11:905871317fc9994c;12:75adb5f5623e0f83;13:75adb5f5623e0f83;14:75adb5f5623e0f83;15:75adb5f5623e0f83,200,0,docs/experiments/minimod-paper/paper-v1-grid400/raw/standard-n2-rpn8-rep1-default_serial.log
standard,proxy_overlap,2,8,16,1,400,100,0.067018,0.0401284,0.0372863,0:75adb5f5623e0f83;1:75adb5f5623e0f83;2:75adb5f5623e0f83;3:75adb5f5623e0f83;4:8eccbbf5994cdaa8;5:4e89388f527de4bb;6:f94393bcddb85cdf;7:48198bae1097252a;8:21121f95008ea0bd;9:25f3d70f39ccbcfe;10:c7dcedafb8f8d9ab;11:905871317fc9994c;12:75adb5f5623e0f83;13:75adb5f5623e0f83;14:75adb5f5623e0f83;15:75adb5f5623e0f83,0,3000,docs/experiments/minimod-paper/paper-v1-grid400/raw/standard-n2-rpn8-rep1-proxy_overlap.log
standard,proxy_serial,2,8,16,1,400,100,0.0875085,0.055904,0.0316838,0:75adb5f5623e0f83;1:75adb5f5623e0f83;2:75adb5f5623e0f83;3:75adb5f5623e0f83;4:8eccbbf5994cdaa8;5:4e89388f527de4bb;6:f94393bcddb85cdf;7:48198bae1097252a;8:21121f95008ea0bd;9:25f3d70f39ccbcfe;10:c7dcedafb8f8d9ab;11:905871317fc9994c;12:75adb5f5623e0f83;13:75adb5f5623e0f83;14:75adb5f5623e0f83;15:75adb5f5623e0f83,0,3000,docs/experiments/minimod-paper/paper-v1-grid400/raw/standard-n2-rpn8-rep1-proxy_serial.log
standard,trigger_overlap,2,8,16,1,400,100,0.096059,0.0665179,0.0388987,0:75adb5f5623e0f83;1:75adb5f5623e0f83;2:75adb5f5623e0f83;3:75adb5f5623e0f83;4:8eccbbf5994cdaa8;5:4e89388f527de4bb;6:f94393bcddb85cdf;7:48198bae1097252a;8:21121f95008ea0bd;9:25f3d70f39ccbcfe;10:c7dcedafb8f8d9ab;11:905871317fc9994c;12:75adb5f5623e0f83;13:75adb5f5623e0f83;14:75adb5f5623e0f83;15:75adb5f5623e0f83,3000,0,docs/experiments/minimod-paper/paper-v1-grid400/raw/standard-n2-rpn8-rep1-trigger_overlap.log
standard,trigger_serial,2,8,16,1,400,100,0.116295,0.084435,0.0319019,0:75adb5f5623e0f83;1:75adb5f5623e0f83;2:75adb5f5623e0f83;3:75adb5f5623e0f83;4:8eccbbf5994cdaa8;5:4e89388f527de4bb;6:f94393bcddb85cdf;7:48198bae1097252a;8:21121f95008ea0bd;9:25f3d70f39ccbcfe;10:c7dcedafb8f8d9ab;11:905871317fc9994c;12:75adb5f5623e0f83;13:75adb5f5623e0f83;14:75adb5f5623e0f83;15:75adb5f5623e0f83,3000,0,docs/experiments/minimod-paper/paper-v1-grid400/raw/standard-n2-rpn8-rep1-trigger_serial.log
standard,default_overlap,2,8,16,2,400,100,0.0413982,0.0111839,0.0404898,0:75adb5f5623e0f83;1:75adb5f5623e0f83;2:75adb5f5623e0f83;3:75adb5f5623e0f83;4:8eccbbf5994cdaa8;5:4e89388f527de4bb;6:f94393bcddb85cdf;7:48198bae1097252a;8:21121f95008ea0bd;9:25f3d70f39ccbcfe;10:c7dcedafb8f8d9ab;11:905871317fc9994c;12:75adb5f5623e0f83;13:75adb5f5623e0f83;14:75adb5f5623e0f83;15:75adb5f5623e0f83,200,0,docs/experiments/minimod-paper/paper-v1-grid400/raw/standard-n2-rpn8-rep2-default_overlap.log
standard,default_serial,2,8,16,2,400,100,0.0534963,0.0216024,0.0319694,0:75adb5f5623e0f83;1:75adb5f5623e0f83;2:75adb5f5623e0f83;3:75adb5f5623e0f83;4:8eccbbf5994cdaa8;5:4e89388f527de4bb;6:f94393bcddb85cdf;7:48198bae1097252a;8:21121f95008ea0bd;9:25f3d70f39ccbcfe;10:c7dcedafb8f8d9ab;11:905871317fc9994c;12:75adb5f5623e0f83;13:75adb5f5623e0f83;14:75adb5f5623e0f83;15:75adb5f5623e0f83,200,0,docs/experiments/minimod-paper/paper-v1-grid400/raw/standard-n2-rpn8-rep2-default_serial.log
standard,proxy_overlap,2,8,16,2,400,100,0.0669498,0.0407098,0.0371241,0:75adb5f5623e0f83;1:75adb5f5623e0f83;2:75adb5f5623e0f83;3:75adb5f5623e0f83;4:8eccbbf5994cdaa8;5:4e89388f527de4bb;6:f94393bcddb85cdf;7:48198bae1097252a;8:21121f95008ea0bd;9:25f3d70f39ccbcfe;10:c7dcedafb8f8d9ab;11:905871317fc9994c;12:75adb5f5623e0f83;13:75adb5f5623e0f83;14:75adb5f5623e0f83;15:75adb5f5623e0f83,0,3000,docs/experiments/minimod-paper/paper-v1-grid400/raw/standard-n2-rpn8-rep2-proxy_overlap.log
standard,proxy_serial,2,8,16,2,400,100,0.0877335,0.056026,0.0317949,0:75adb5f5623e0f83;1:75adb5f5623e0f83;2:75adb5f5623e0f83;3:75adb5f5623e0f83;4:8eccbbf5994cdaa8;5:4e89388f527de4bb;6:f94393bcddb85cdf;7:48198bae1097252a;8:21121f95008ea0bd;9:25f3d70f39ccbcfe;10:c7dcedafb8f8d9ab;11:905871317fc9994c;12:75adb5f5623e0f83;13:75adb5f5623e0f83;14:75adb5f5623e0f83;15:75adb5f5623e0f83,0,3000,docs/experiments/minimod-paper/paper-v1-grid400/raw/standard-n2-rpn8-rep2-proxy_serial.log
standard,trigger_overlap,2,8,16,2,400,100,0.0907959,0.0611892,0.03888,0:75adb5f5623e0f83;1:75adb5f5623e0f83;2:75adb5f5623e0f83;3:75adb5f5623e0f83;4:8eccbbf5994cdaa8;5:4e89388f527de4bb;6:f94393bcddb85cdf;7:48198bae1097252a;8:21121f95008ea0bd;9:25f3d70f39ccbcfe;10:c7dcedafb8f8d9ab;11:905871317fc9994c;12:75adb5f5623e0f83;13:75adb5f5623e0f83;14:75adb5f5623e0f83;15:75adb5f5623e0f83,3000,0,docs/experiments/minimod-paper/paper-v1-grid400/raw/standard-n2-rpn8-rep2-trigger_overlap.log
standard,trigger_serial,2,8,16,2,400,100,0.110078,0.0783115,0.0317917,0:75adb5f5623e0f83;1:75adb5f5623e0f83;2:75adb5f5623e0f83;3:75adb5f5623e0f83;4:8eccbbf5994cdaa8;5:4e89388f527de4bb;6:f94393bcddb85cdf;7:48198bae1097252a;8:21121f95008ea0bd;9:25f3d70f39ccbcfe;10:c7dcedafb8f8d9ab;11:905871317fc9994c;12:75adb5f5623e0f83;13:75adb5f5623e0f83;14:75adb5f5623e0f83;15:75adb5f5623e0f83,3000,0,docs/experiments/minimod-paper/paper-v1-grid400/raw/standard-n2-rpn8-rep2-trigger_serial.log
standard,default_overlap,2,8,16,3,400,100,0.0414028,0.0114567,0.0405467,0:75adb5f5623e0f83;1:75adb5f5623e0f83;2:75adb5f5623e0f83;3:75adb5f5623e0f83;4:8eccbbf5994cdaa8;5:4e89388f527de4bb;6:f94393bcddb85cdf;7:48198bae1097252a;8:21121f95008ea0bd;9:25f3d70f39ccbcfe;10:c7dcedafb8f8d9ab;11:905871317fc9994c;12:75adb5f5623e0f83;13:75adb5f5623e0f83;14:75adb5f5623e0f83;15:75adb5f5623e0f83,200,0,docs/experiments/minimod-paper/paper-v1-grid400/raw/standard-n2-rpn8-rep3-default_overlap.log
standard,default_serial,2,8,16,3,400,100,0.0532586,0.0216262,0.0316677,0:75adb5f5623e0f83;1:75adb5f5623e0f83;2:75adb5f5623e0f83;3:75adb5f5623e0f83;4:8eccbbf5994cdaa8;5:4e89388f527de4bb;6:f94393bcddb85cdf;7:48198bae1097252a;8:21121f95008ea0bd;9:25f3d70f39ccbcfe;10:c7dcedafb8f8d9ab;11:905871317fc9994c;12:75adb5f5623e0f83;13:75adb5f5623e0f83;14:75adb5f5623e0f83;15:75adb5f5623e0f83,200,0,docs/experiments/minimod-paper/paper-v1-grid400/raw/standard-n2-rpn8-rep3-default_serial.log
standard,proxy_overlap,2,8,16,3,400,100,0.066804,0.0401579,0.0372927,0:75adb5f5623e0f83;1:75adb5f5623e0f83;2:75adb5f5623e0f83;3:75adb5f5623e0f83;4:8eccbbf5994cdaa8;5:4e89388f527de4bb;6:f94393bcddb85cdf;7:48198bae1097252a;8:21121f95008ea0bd;9:25f3d70f39ccbcfe;10:c7dcedafb8f8d9ab;11:905871317fc9994c;12:75adb5f5623e0f83;13:75adb5f5623e0f83;14:75adb5f5623e0f83;15:75adb5f5623e0f83,0,3000,docs/experiments/minimod-paper/paper-v1-grid400/raw/standard-n2-rpn8-rep3-proxy_overlap.log
standard,proxy_serial,2,8,16,3,400,100,0.0877692,0.055798,0.0319936,0:75adb5f5623e0f83;1:75adb5f5623e0f83;2:75adb5f5623e0f83;3:75adb5f5623e0f83;4:8eccbbf5994cdaa8;5:4e89388f527de4bb;6:f94393bcddb85cdf;7:48198bae1097252a;8:21121f95008ea0bd;9:25f3d70f39ccbcfe;10:c7dcedafb8f8d9ab;11:905871317fc9994c;12:75adb5f5623e0f83;13:75adb5f5623e0f83;14:75adb5f5623e0f83;15:75adb5f5623e0f83,0,3000,docs/experiments/minimod-paper/paper-v1-grid400/raw/standard-n2-rpn8-rep3-proxy_serial.log
standard,trigger_overlap,2,8,16,3,400,100,0.0943524,0.0648083,0.0388889,0:75adb5f5623e0f83;1:75adb5f5623e0f83;2:75adb5f5623e0f83;3:75adb5f5623e0f83;4:8eccbbf5994cdaa8;5:4e89388f527de4bb;6:f94393bcddb85cdf;7:48198bae1097252a;8:21121f95008ea0bd;9:25f3d70f39ccbcfe;10:c7dcedafb8f8d9ab;11:905871317fc9994c;12:75adb5f5623e0f83;13:75adb5f5623e0f83;14:75adb5f5623e0f83;15:75adb5f5623e0f83,3000,0,docs/experiments/minimod-paper/paper-v1-grid400/raw/standard-n2-rpn8-rep3-trigger_overlap.log
standard,trigger_serial,2,8,16,3,400,100,0.107795,0.0760581,0.0318187,0:75adb5f5623e0f83;1:75adb5f5623e0f83;2:75adb5f5623e0f83;3:75adb5f5623e0f83;4:8eccbbf5994cdaa8;5:4e89388f527de4bb;6:f94393bcddb85cdf;7:48198bae1097252a;8:21121f95008ea0bd;9:25f3d70f39ccbcfe;10:c7dcedafb8f8d9ab;11:905871317fc9994c;12:75adb5f5623e0f83;13:75adb5f5623e0f83;14:75adb5f5623e0f83;15:75adb5f5623e0f83,3000,0,docs/experiments/minimod-paper/paper-v1-grid400/raw/standard-n2-rpn8-rep3-trigger_serial.log
standard,default_overlap,2,8,16,4,400,100,0.040901,0.0101639,0.0397073,0:75adb5f5623e0f83;1:75adb5f5623e0f83;2:75adb5f5623e0f83;3:75adb5f5623e0f83;4:8eccbbf5994cdaa8;5:4e89388f527de4bb;6:f94393bcddb85cdf;7:48198bae1097252a;8:21121f95008ea0bd;9:25f3d70f39ccbcfe;10:c7dcedafb8f8d9ab;11:905871317fc9994c;12:75adb5f5623e0f83;13:75adb5f5623e0f83;14:75adb5f5623e0f83;15:75adb5f5623e0f83,200,0,docs/experiments/minimod-paper/paper-v1-grid400/raw/standard-n2-rpn8-rep4-default_overlap.log
standard,default_serial,2,8,16,4,400,100,0.0535094,0.0217627,0.031775,0:75adb5f5623e0f83;1:75adb5f5623e0f83;2:75adb5f5623e0f83;3:75adb5f5623e0f83;4:8eccbbf5994cdaa8;5:4e89388f527de4bb;6:f94393bcddb85cdf;7:48198bae1097252a;8:21121f95008ea0bd;9:25f3d70f39ccbcfe;10:c7dcedafb8f8d9ab;11:905871317fc9994c;12:75adb5f5623e0f83;13:75adb5f5623e0f83;14:75adb5f5623e0f83;15:75adb5f5623e0f83,200,0,docs/experiments/minimod-paper/paper-v1-grid400/raw/standard-n2-rpn8-rep4-default_serial.log
standard,proxy_overlap,2,8,16,4,400,100,0.0669163,0.0400155,0.0370943,0:75adb5f5623e0f83;1:75adb5f5623e0f83;2:75adb5f5623e0f83;3:75adb5f5623e0f83;4:8eccbbf5994cdaa8;5:4e89388f527de4bb;6:f94393bcddb85cdf;7:48198bae1097252a;8:21121f95008ea0bd;9:25f3d70f39ccbcfe;10:c7dcedafb8f8d9ab;11:905871317fc9994c;12:75adb5f5623e0f83;13:75adb5f5623e0f83;14:75adb5f5623e0f83;15:75adb5f5623e0f83,0,3000,docs/experiments/minimod-paper/paper-v1-grid400/raw/standard-n2-rpn8-rep4-proxy_overlap.log
standard,proxy_serial,2,8,16,4,400,100,0.0874331,0.0557201,0.0317601,0:75adb5f5623e0f83;1:75adb5f5623e0f83;2:75adb5f5623e0f83;3:75adb5f5623e0f83;4:8eccbbf5994cdaa8;5:4e89388f527de4bb;6:f94393bcddb85cdf;7:48198bae1097252a;8:21121f95008ea0bd;9:25f3d70f39ccbcfe;10:c7dcedafb8f8d9ab;11:905871317fc9994c;12:75adb5f5623e0f83;13:75adb5f5623e0f83;14:75adb5f5623e0f83;15:75adb5f5623e0f83,0,3000,docs/experiments/minimod-paper/paper-v1-grid400/raw/standard-n2-rpn8-rep4-proxy_serial.log
standard,trigger_overlap,2,8,16,4,400,100,0.0927488,0.0632534,0.0389666,0:75adb5f5623e0f83;1:75adb5f5623e0f83;2:75adb5f5623e0f83;3:75adb5f5623e0f83;4:8eccbbf5994cdaa8;5:4e89388f527de4bb;6:f94393bcddb85cdf;7:48198bae1097252a;8:21121f95008ea0bd;9:25f3d70f39ccbcfe;10:c7dcedafb8f8d9ab;11:905871317fc9994c;12:75adb5f5623e0f83;13:75adb5f5623e0f83;14:75adb5f5623e0f83;15:75adb5f5623e0f83,3000,0,docs/experiments/minimod-paper/paper-v1-grid400/raw/standard-n2-rpn8-rep4-trigger_overlap.log
standard,trigger_serial,2,8,16,4,400,100,0.116802,0.08495,0.0319258,0:75adb5f5623e0f83;1:75adb5f5623e0f83;2:75adb5f5623e0f83;3:75adb5f5623e0f83;4:8eccbbf5994cdaa8;5:4e89388f527de4bb;6:f94393bcddb85cdf;7:48198bae1097252a;8:21121f95008ea0bd;9:25f3d70f39ccbcfe;10:c7dcedafb8f8d9ab;11:905871317fc9994c;12:75adb5f5623e0f83;13:75adb5f5623e0f83;14:75adb5f5623e0f83;15:75adb5f5623e0f83,3000,0,docs/experiments/minimod-paper/paper-v1-grid400/raw/standard-n2-rpn8-rep4-trigger_serial.log
standard,default_overlap,2,8,16,5,400,100,0.0409553,0.0100198,0.0396767,0:75adb5f5623e0f83;1:75adb5f5623e0f83;2:75adb5f5623e0f83;3:75adb5f5623e0f83;4:8eccbbf5994cdaa8;5:4e89388f527de4bb;6:f94393bcddb85cdf;7:48198bae1097252a;8:21121f95008ea0bd;9:25f3d70f39ccbcfe;10:c7dcedafb8f8d9ab;11:905871317fc9994c;12:75adb5f5623e0f83;13:75adb5f5623e0f83;14:75adb5f5623e0f83;15:75adb5f5623e0f83,200,0,docs/experiments/minimod-paper/paper-v1-grid400/raw/standard-n2-rpn8-rep5-default_overlap.log
standard,default_serial,2,8,16,5,400,100,0.0536465,0.0217418,0.0320145,0:75adb5f5623e0f83;1:75adb5f5623e0f83;2:75adb5f5623e0f83;3:75adb5f5623e0f83;4:8eccbbf5994cdaa8;5:4e89388f527de4bb;6:f94393bcddb85cdf;7:48198bae1097252a;8:21121f95008ea0bd;9:25f3d70f39ccbcfe;10:c7dcedafb8f8d9ab;11:905871317fc9994c;12:75adb5f5623e0f83;13:75adb5f5623e0f83;14:75adb5f5623e0f83;15:75adb5f5623e0f83,200,0,docs/experiments/minimod-paper/paper-v1-grid400/raw/standard-n2-rpn8-rep5-default_serial.log
standard,proxy_overlap,2,8,16,5,400,100,0.0669246,0.0407525,0.0371389,0:75adb5f5623e0f83;1:75adb5f5623e0f83;2:75adb5f5623e0f83;3:75adb5f5623e0f83;4:8eccbbf5994cdaa8;5:4e89388f527de4bb;6:f94393bcddb85cdf;7:48198bae1097252a;8:21121f95008ea0bd;9:25f3d70f39ccbcfe;10:c7dcedafb8f8d9ab;11:905871317fc9994c;12:75adb5f5623e0f83;13:75adb5f5623e0f83;14:75adb5f5623e0f83;15:75adb5f5623e0f83,0,3000,docs/experiments/minimod-paper/paper-v1-grid400/raw/standard-n2-rpn8-rep5-proxy_overlap.log
standard,proxy_serial,2,8,16,5,400,100,0.0879071,0.0559192,0.0320046,0:75adb5f5623e0f83;1:75adb5f5623e0f83;2:75adb5f5623e0f83;3:75adb5f5623e0f83;4:8eccbbf5994cdaa8;5:4e89388f527de4bb;6:f94393bcddb85cdf;7:48198bae1097252a;8:21121f95008ea0bd;9:25f3d70f39ccbcfe;10:c7dcedafb8f8d9ab;11:905871317fc9994c;12:75adb5f5623e0f83;13:75adb5f5623e0f83;14:75adb5f5623e0f83;15:75adb5f5623e0f83,0,3000,docs/experiments/minimod-paper/paper-v1-grid400/raw/standard-n2-rpn8-rep5-proxy_serial.log
standard,trigger_overlap,2,8,16,5,400,100,0.095765,0.0660856,0.0388137,0:75adb5f5623e0f83;1:75adb5f5623e0f83;2:75adb5f5623e0f83;3:75adb5f5623e0f83;4:8eccbbf5994cdaa8;5:4e89388f527de4bb;6:f94393bcddb85cdf;7:48198bae1097252a;8:21121f95008ea0bd;9:25f3d70f39ccbcfe;10:c7dcedafb8f8d9ab;11:905871317fc9994c;12:75adb5f5623e0f83;13:75adb5f5623e0f83;14:75adb5f5623e0f83;15:75adb5f5623e0f83,3000,0,docs/experiments/minimod-paper/paper-v1-grid400/raw/standard-n2-rpn8-rep5-trigger_overlap.log
standard,trigger_serial,2,8,16,5,400,100,0.115594,0.0838652,0.0317721,0:75adb5f5623e0f83;1:75adb5f5623e0f83;2:75adb5f5623e0f83;3:75adb5f5623e0f83;4:8eccbbf5994cdaa8;5:4e89388f527de4bb;6:f94393bcddb85cdf;7:48198bae1097252a;8:21121f95008ea0bd;9:25f3d70f39ccbcfe;10:c7dcedafb8f8d9ab;11:905871317fc9994c;12:75adb5f5623e0f83;13:75adb5f5623e0f83;14:75adb5f5623e0f83;15:75adb5f5623e0f83,3000,0,docs/experiments/minimod-paper/paper-v1-grid400/raw/standard-n2-rpn8-rep5-trigger_serial.log
standard,default_overlap,4,1,4,1,400,100,0.0935974,0.00964027,0.0923267,0:1435ab360f413383;1:367fa51c1d41b9dd;2:ab4e964283aa7aa7;3:1435ab360f413383,600,0,docs/experiments/minimod-paper/paper-v1-grid400/raw/standard-n4-rpn1-rep1-default_overlap.log
standard,default_serial,4,1,4,1,400,100,0.124,0.0392345,0.0847762,0:1435ab360f413383;1:367fa51c1d41b9dd;2:ab4e964283aa7aa7;3:1435ab360f413383,600,0,docs/experiments/minimod-paper/paper-v1-grid400/raw/standard-n4-rpn1-rep1-default_serial.log
standard,proxy_overlap,4,1,4,1,400,100,0.0916206,0.0108147,0.0906983,0:1435ab360f413383;1:367fa51c1d41b9dd;2:ab4e964283aa7aa7;3:1435ab360f413383,0,600,docs/experiments/minimod-paper/paper-v1-grid400/raw/standard-n4-rpn1-rep1-proxy_overlap.log
standard,proxy_serial,4,1,4,1,400,100,0.114182,0.0293505,0.0848558,0:1435ab360f413383;1:367fa51c1d41b9dd;2:ab4e964283aa7aa7;3:1435ab360f413383,0,600,docs/experiments/minimod-paper/paper-v1-grid400/raw/standard-n4-rpn1-rep1-proxy_serial.log
standard,trigger_overlap,4,1,4,1,400,100,0.0937603,0.00935256,0.0923233,0:1435ab360f413383;1:367fa51c1d41b9dd;2:ab4e964283aa7aa7;3:1435ab360f413383,600,0,docs/experiments/minimod-paper/paper-v1-grid400/raw/standard-n4-rpn1-rep1-trigger_overlap.log
standard,trigger_serial,4,1,4,1,400,100,0.124215,0.039432,0.0848293,0:1435ab360f413383;1:367fa51c1d41b9dd;2:ab4e964283aa7aa7;3:1435ab360f413383,600,0,docs/experiments/minimod-paper/paper-v1-grid400/raw/standard-n4-rpn1-rep1-trigger_serial.log
standard,default_overlap,4,1,4,2,400,100,0.093695,0.00985046,0.0923009,0:1435ab360f413383;1:367fa51c1d41b9dd;2:ab4e964283aa7aa7;3:1435ab360f413383,600,0,docs/experiments/minimod-paper/paper-v1-grid400/raw/standard-n4-rpn1-rep2-default_overlap.log
standard,default_serial,4,1,4,2,400,100,0.123879,0.0392438,0.0846741,0:1435ab360f413383;1:367fa51c1d41b9dd;2:ab4e964283aa7aa7;3:1435ab360f413383,600,0,docs/experiments/minimod-paper/paper-v1-grid400/raw/standard-n4-rpn1-rep2-default_serial.log
standard,proxy_overlap,4,1,4,2,400,100,0.091539,0.0111241,0.0907851,0:1435ab360f413383;1:367fa51c1d41b9dd;2:ab4e964283aa7aa7;3:1435ab360f413383,0,600,docs/experiments/minimod-paper/paper-v1-grid400/raw/standard-n4-rpn1-rep2-proxy_overlap.log
standard,proxy_serial,4,1,4,2,400,100,0.114095,0.0294039,0.0847703,0:1435ab360f413383;1:367fa51c1d41b9dd;2:ab4e964283aa7aa7;3:1435ab360f413383,0,600,docs/experiments/minimod-paper/paper-v1-grid400/raw/standard-n4-rpn1-rep2-proxy_serial.log
standard,trigger_overlap,4,1,4,2,400,100,0.0938149,0.0101037,0.0924129,0:1435ab360f413383;1:367fa51c1d41b9dd;2:ab4e964283aa7aa7;3:1435ab360f413383,600,0,docs/experiments/minimod-paper/paper-v1-grid400/raw/standard-n4-rpn1-rep2-trigger_overlap.log
standard,trigger_serial,4,1,4,2,400,100,0.124582,0.0394151,0.0852725,0:1435ab360f413383;1:367fa51c1d41b9dd;2:ab4e964283aa7aa7;3:1435ab360f413383,600,0,docs/experiments/minimod-paper/paper-v1-grid400/raw/standard-n4-rpn1-rep2-trigger_serial.log
standard,default_overlap,4,1,4,3,400,100,0.0934415,0.00965422,0.0920473,0:1435ab360f413383;1:367fa51c1d41b9dd;2:ab4e964283aa7aa7;3:1435ab360f413383,600,0,docs/experiments/minimod-paper/paper-v1-grid400/raw/standard-n4-rpn1-rep3-default_overlap.log
standard,default_serial,4,1,4,3,400,100,0.123882,0.039243,0.0846713,0:1435ab360f413383;1:367fa51c1d41b9dd;2:ab4e964283aa7aa7;3:1435ab360f413383,600,0,docs/experiments/minimod-paper/paper-v1-grid400/raw/standard-n4-rpn1-rep3-default_serial.log
standard,proxy_overlap,4,1,4,3,400,100,0.0916286,0.0112057,0.0908126,0:1435ab360f413383;1:367fa51c1d41b9dd;2:ab4e964283aa7aa7;3:1435ab360f413383,0,600,docs/experiments/minimod-paper/paper-v1-grid400/raw/standard-n4-rpn1-rep3-proxy_overlap.log
standard,proxy_serial,4,1,4,3,400,100,0.114792,0.0293714,0.085503,0:1435ab360f413383;1:367fa51c1d41b9dd;2:ab4e964283aa7aa7;3:1435ab360f413383,0,600,docs/experiments/minimod-paper/paper-v1-grid400/raw/standard-n4-rpn1-rep3-proxy_serial.log
standard,trigger_overlap,4,1,4,3,400,100,0.0937029,0.00998634,0.0923061,0:1435ab360f413383;1:367fa51c1d41b9dd;2:ab4e964283aa7aa7;3:1435ab360f413383,600,0,docs/experiments/minimod-paper/paper-v1-grid400/raw/standard-n4-rpn1-rep3-trigger_overlap.log
standard,trigger_serial,4,1,4,3,400,100,0.124129,0.039309,0.0848645,0:1435ab360f413383;1:367fa51c1d41b9dd;2:ab4e964283aa7aa7;3:1435ab360f413383,600,0,docs/experiments/minimod-paper/paper-v1-grid400/raw/standard-n4-rpn1-rep3-trigger_serial.log
standard,default_overlap,4,1,4,4,400,100,0.0939937,0.0101057,0.0928095,0:1435ab360f413383;1:367fa51c1d41b9dd;2:ab4e964283aa7aa7;3:1435ab360f413383,600,0,docs/experiments/minimod-paper/paper-v1-grid400/raw/standard-n4-rpn1-rep4-default_overlap.log
standard,default_serial,4,1,4,4,400,100,0.123882,0.0392652,0.0846462,0:1435ab360f413383;1:367fa51c1d41b9dd;2:ab4e964283aa7aa7;3:1435ab360f413383,600,0,docs/experiments/minimod-paper/paper-v1-grid400/raw/standard-n4-rpn1-rep4-default_serial.log
standard,proxy_overlap,4,1,4,4,400,100,0.091212,0.0107038,0.0902167,0:1435ab360f413383;1:367fa51c1d41b9dd;2:ab4e964283aa7aa7;3:1435ab360f413383,0,600,docs/experiments/minimod-paper/paper-v1-grid400/raw/standard-n4-rpn1-rep4-proxy_overlap.log
standard,proxy_serial,4,1,4,4,400,100,0.114328,0.0293764,0.0850712,0:1435ab360f413383;1:367fa51c1d41b9dd;2:ab4e964283aa7aa7;3:1435ab360f413383,0,600,docs/experiments/minimod-paper/paper-v1-grid400/raw/standard-n4-rpn1-rep4-proxy_serial.log
standard,trigger_overlap,4,1,4,4,400,100,0.0941469,0.00960038,0.0929268,0:1435ab360f413383;1:367fa51c1d41b9dd;2:ab4e964283aa7aa7;3:1435ab360f413383,600,0,docs/experiments/minimod-paper/paper-v1-grid400/raw/standard-n4-rpn1-rep4-trigger_overlap.log
standard,trigger_serial,4,1,4,4,400,100,0.124034,0.0393565,0.0847201,0:1435ab360f413383;1:367fa51c1d41b9dd;2:ab4e964283aa7aa7;3:1435ab360f413383,600,0,docs/experiments/minimod-paper/paper-v1-grid400/raw/standard-n4-rpn1-rep4-trigger_serial.log
standard,default_overlap,4,1,4,5,400,100,0.0936249,0.0099198,0.0922242,0:1435ab360f413383;1:367fa51c1d41b9dd;2:ab4e964283aa7aa7;3:1435ab360f413383,600,0,docs/experiments/minimod-paper/paper-v1-grid400/raw/standard-n4-rpn1-rep5-default_overlap.log
standard,default_serial,4,1,4,5,400,100,0.123933,0.0393392,0.0846229,0:1435ab360f413383;1:367fa51c1d41b9dd;2:ab4e964283aa7aa7;3:1435ab360f413383,600,0,docs/experiments/minimod-paper/paper-v1-grid400/raw/standard-n4-rpn1-rep5-default_serial.log
standard,proxy_overlap,4,1,4,5,400,100,0.0914572,0.0113373,0.0906987,0:1435ab360f413383;1:367fa51c1d41b9dd;2:ab4e964283aa7aa7;3:1435ab360f413383,0,600,docs/experiments/minimod-paper/paper-v1-grid400/raw/standard-n4-rpn1-rep5-proxy_overlap.log
standard,proxy_serial,4,1,4,5,400,100,0.114555,0.0294137,0.0852144,0:1435ab360f413383;1:367fa51c1d41b9dd;2:ab4e964283aa7aa7;3:1435ab360f413383,0,600,docs/experiments/minimod-paper/paper-v1-grid400/raw/standard-n4-rpn1-rep5-proxy_serial.log
standard,trigger_overlap,4,1,4,5,400,100,0.093732,0.00948462,0.0923725,0:1435ab360f413383;1:367fa51c1d41b9dd;2:ab4e964283aa7aa7;3:1435ab360f413383,600,0,docs/experiments/minimod-paper/paper-v1-grid400/raw/standard-n4-rpn1-rep5-trigger_overlap.log
standard,trigger_serial,4,1,4,5,400,100,0.124203,0.0394295,0.0848016,0:1435ab360f413383;1:367fa51c1d41b9dd;2:ab4e964283aa7aa7;3:1435ab360f413383,600,0,docs/experiments/minimod-paper/paper-v1-grid400/raw/standard-n4-rpn1-rep5-trigger_serial.log
standard,default_overlap,4,8,32,1,400,100,0.0344623,0.0114065,0.030273,0:1d7cdec2e85aff83;1:1d7cdec2e85aff83;2:1d7cdec2e85aff83;3:1d7cdec2e85aff83;4:1d7cdec2e85aff83;5:1d7cdec2e85aff83;6:1d7cdec2e85aff83;7:1d7cdec2e85aff83;8:1d7cdec2e85aff83;9:3d5d662e21a307cf;10:7c55d29df30574fa;11:d1de135c6e439e7d;12:b4c93a1af0b8f91e;13:881e9f8714436142;14:6ad08d8fe8d0249c;15:15483d21094f4ab3;16:5f8de52f4bc3cc2d;17:17b1598fc4d29462;18:b163d2bd1ae86128;19:60d7ca341a5ddb2a;20:d4a55e3b52c5ade7;21:c341152f35502be3;22:e1a657209c401383;23:e1a657209c401383;24:e1a657209c401383;25:e1a657209c401383;26:e1a657209c401383;27:e1a657209c401383;28:e1a657209c401383;29:e1a657209c401383;30:e1a657209c401383;31:e1a657209c401383,600,0,docs/experiments/minimod-paper/paper-v1-grid400/raw/standard-n4-rpn8-rep1-default_overlap.log
standard,default_serial,4,8,32,1,400,100,0.041084,0.0223248,0.0189471,0:1d7cdec2e85aff83;1:1d7cdec2e85aff83;2:1d7cdec2e85aff83;3:1d7cdec2e85aff83;4:1d7cdec2e85aff83;5:1d7cdec2e85aff83;6:1d7cdec2e85aff83;7:1d7cdec2e85aff83;8:1d7cdec2e85aff83;9:3d5d662e21a307cf;10:7c55d29df30574fa;11:d1de135c6e439e7d;12:b4c93a1af0b8f91e;13:881e9f8714436142;14:6ad08d8fe8d0249c;15:15483d21094f4ab3;16:5f8de52f4bc3cc2d;17:17b1598fc4d29462;18:b163d2bd1ae86128;19:60d7ca341a5ddb2a;20:d4a55e3b52c5ade7;21:c341152f35502be3;22:e1a657209c401383;23:e1a657209c401383;24:e1a657209c401383;25:e1a657209c401383;26:e1a657209c401383;27:e1a657209c401383;28:e1a657209c401383;29:e1a657209c401383;30:e1a657209c401383;31:e1a657209c401383,600,0,docs/experiments/minimod-paper/paper-v1-grid400/raw/standard-n4-rpn8-rep1-default_serial.log
standard,proxy_overlap,4,8,32,1,400,100,0.0674229,0.0495298,0.0239971,0:1d7cdec2e85aff83;1:1d7cdec2e85aff83;2:1d7cdec2e85aff83;3:1d7cdec2e85aff83;4:1d7cdec2e85aff83;5:1d7cdec2e85aff83;6:1d7cdec2e85aff83;7:1d7cdec2e85aff83;8:1d7cdec2e85aff83;9:3d5d662e21a307cf;10:7c55d29df30574fa;11:d1de135c6e439e7d;12:b4c93a1af0b8f91e;13:881e9f8714436142;14:6ad08d8fe8d0249c;15:15483d21094f4ab3;16:5f8de52f4bc3cc2d;17:17b1598fc4d29462;18:b163d2bd1ae86128;19:60d7ca341a5ddb2a;20:d4a55e3b52c5ade7;21:c341152f35502be3;22:e1a657209c401383;23:e1a657209c401383;24:e1a657209c401383;25:e1a657209c401383;26:e1a657209c401383;27:e1a657209c401383;28:e1a657209c401383;29:e1a657209c401383;30:e1a657209c401383;31:e1a657209c401383,0,6200,docs/experiments/minimod-paper/paper-v1-grid400/raw/standard-n4-rpn8-rep1-proxy_overlap.log
standard,proxy_serial,4,8,32,1,400,100,0.075121,0.0562106,0.019061,0:1d7cdec2e85aff83;1:1d7cdec2e85aff83;2:1d7cdec2e85aff83;3:1d7cdec2e85aff83;4:1d7cdec2e85aff83;5:1d7cdec2e85aff83;6:1d7cdec2e85aff83;7:1d7cdec2e85aff83;8:1d7cdec2e85aff83;9:3d5d662e21a307cf;10:7c55d29df30574fa;11:d1de135c6e439e7d;12:b4c93a1af0b8f91e;13:881e9f8714436142;14:6ad08d8fe8d0249c;15:15483d21094f4ab3;16:5f8de52f4bc3cc2d;17:17b1598fc4d29462;18:b163d2bd1ae86128;19:60d7ca341a5ddb2a;20:d4a55e3b52c5ade7;21:c341152f35502be3;22:e1a657209c401383;23:e1a657209c401383;24:e1a657209c401383;25:e1a657209c401383;26:e1a657209c401383;27:e1a657209c401383;28:e1a657209c401383;29:e1a657209c401383;30:e1a657209c401383;31:e1a657209c401383,0,6200,docs/experiments/minimod-paper/paper-v1-grid400/raw/standard-n4-rpn8-rep1-proxy_serial.log
standard,trigger_overlap,4,8,32,1,400,100,0.104102,0.0829361,0.027114,0:1d7cdec2e85aff83;1:1d7cdec2e85aff83;2:1d7cdec2e85aff83;3:1d7cdec2e85aff83;4:1d7cdec2e85aff83;5:1d7cdec2e85aff83;6:1d7cdec2e85aff83;7:1d7cdec2e85aff83;8:1d7cdec2e85aff83;9:3d5d662e21a307cf;10:7c55d29df30574fa;11:d1de135c6e439e7d;12:b4c93a1af0b8f91e;13:881e9f8714436142;14:6ad08d8fe8d0249c;15:15483d21094f4ab3;16:5f8de52f4bc3cc2d;17:17b1598fc4d29462;18:b163d2bd1ae86128;19:60d7ca341a5ddb2a;20:d4a55e3b52c5ade7;21:c341152f35502be3;22:e1a657209c401383;23:e1a657209c401383;24:e1a657209c401383;25:e1a657209c401383;26:e1a657209c401383;27:e1a657209c401383;28:e1a657209c401383;29:e1a657209c401383;30:e1a657209c401383;31:e1a657209c401383,6200,0,docs/experiments/minimod-paper/paper-v1-grid400/raw/standard-n4-rpn8-rep1-trigger_overlap.log
standard,trigger_serial,4,8,32,1,400,100,0.107268,0.0884398,0.0189426,0:1d7cdec2e85aff83;1:1d7cdec2e85aff83;2:1d7cdec2e85aff83;3:1d7cdec2e85aff83;4:1d7cdec2e85aff83;5:1d7cdec2e85aff83;6:1d7cdec2e85aff83;7:1d7cdec2e85aff83;8:1d7cdec2e85aff83;9:3d5d662e21a307cf;10:7c55d29df30574fa;11:d1de135c6e439e7d;12:b4c93a1af0b8f91e;13:881e9f8714436142;14:6ad08d8fe8d0249c;15:15483d21094f4ab3;16:5f8de52f4bc3cc2d;17:17b1598fc4d29462;18:b163d2bd1ae86128;19:60d7ca341a5ddb2a;20:d4a55e3b52c5ade7;21:c341152f35502be3;22:e1a657209c401383;23:e1a657209c401383;24:e1a657209c401383;25:e1a657209c401383;26:e1a657209c401383;27:e1a657209c401383;28:e1a657209c401383;29:e1a657209c401383;30:e1a657209c401383;31:e1a657209c401383,6200,0,docs/experiments/minimod-paper/paper-v1-grid400/raw/standard-n4-rpn8-rep1-trigger_serial.log
standard,default_overlap,4,8,32,2,400,100,0.0339753,0.0110329,0.0299952,0:1d7cdec2e85aff83;1:1d7cdec2e85aff83;2:1d7cdec2e85aff83;3:1d7cdec2e85aff83;4:1d7cdec2e85aff83;5:1d7cdec2e85aff83;6:1d7cdec2e85aff83;7:1d7cdec2e85aff83;8:1d7cdec2e85aff83;9:3d5d662e21a307cf;10:7c55d29df30574fa;11:d1de135c6e439e7d;12:b4c93a1af0b8f91e;13:881e9f8714436142;14:6ad08d8fe8d0249c;15:15483d21094f4ab3;16:5f8de52f4bc3cc2d;17:17b1598fc4d29462;18:b163d2bd1ae86128;19:60d7ca341a5ddb2a;20:d4a55e3b52c5ade7;21:c341152f35502be3;22:e1a657209c401383;23:e1a657209c401383;24:e1a657209c401383;25:e1a657209c401383;26:e1a657209c401383;27:e1a657209c401383;28:e1a657209c401383;29:e1a657209c401383;30:e1a657209c401383;31:e1a657209c401383,600,0,docs/experiments/minimod-paper/paper-v1-grid400/raw/standard-n4-rpn8-rep2-default_overlap.log
standard,default_serial,4,8,32,2,400,100,0.0409703,0.0220411,0.0190134,0:1d7cdec2e85aff83;1:1d7cdec2e85aff83;2:1d7cdec2e85aff83;3:1d7cdec2e85aff83;4:1d7cdec2e85aff83;5:1d7cdec2e85aff83;6:1d7cdec2e85aff83;7:1d7cdec2e85aff83;8:1d7cdec2e85aff83;9:3d5d662e21a307cf;10:7c55d29df30574fa;11:d1de135c6e439e7d;12:b4c93a1af0b8f91e;13:881e9f8714436142;14:6ad08d8fe8d0249c;15:15483d21094f4ab3;16:5f8de52f4bc3cc2d;17:17b1598fc4d29462;18:b163d2bd1ae86128;19:60d7ca341a5ddb2a;20:d4a55e3b52c5ade7;21:c341152f35502be3;22:e1a657209c401383;23:e1a657209c401383;24:e1a657209c401383;25:e1a657209c401383;26:e1a657209c401383;27:e1a657209c401383;28:e1a657209c401383;29:e1a657209c401383;30:e1a657209c401383;31:e1a657209c401383,600,0,docs/experiments/minimod-paper/paper-v1-grid400/raw/standard-n4-rpn8-rep2-default_serial.log
standard,proxy_overlap,4,8,32,2,400,100,0.0675998,0.0498985,0.023915,0:1d7cdec2e85aff83;1:1d7cdec2e85aff83;2:1d7cdec2e85aff83;3:1d7cdec2e85aff83;4:1d7cdec2e85aff83;5:1d7cdec2e85aff83;6:1d7cdec2e85aff83;7:1d7cdec2e85aff83;8:1d7cdec2e85aff83;9:3d5d662e21a307cf;10:7c55d29df30574fa;11:d1de135c6e439e7d;12:b4c93a1af0b8f91e;13:881e9f8714436142;14:6ad08d8fe8d0249c;15:15483d21094f4ab3;16:5f8de52f4bc3cc2d;17:17b1598fc4d29462;18:b163d2bd1ae86128;19:60d7ca341a5ddb2a;20:d4a55e3b52c5ade7;21:c341152f35502be3;22:e1a657209c401383;23:e1a657209c401383;24:e1a657209c401383;25:e1a657209c401383;26:e1a657209c401383;27:e1a657209c401383;28:e1a657209c401383;29:e1a657209c401383;30:e1a657209c401383;31:e1a657209c401383,0,6200,docs/experiments/minimod-paper/paper-v1-grid400/raw/standard-n4-rpn8-rep2-proxy_overlap.log
standard,proxy_serial,4,8,32,2,400,100,0.0751082,0.0561868,0.0190457,0:1d7cdec2e85aff83;1:1d7cdec2e85aff83;2:1d7cdec2e85aff83;3:1d7cdec2e85aff83;4:1d7cdec2e85aff83;5:1d7cdec2e85aff83;6:1d7cdec2e85aff83;7:1d7cdec2e85aff83;8:1d7cdec2e85aff83;9:3d5d662e21a307cf;10:7c55d29df30574fa;11:d1de135c6e439e7d;12:b4c93a1af0b8f91e;13:881e9f8714436142;14:6ad08d8fe8d0249c;15:15483d21094f4ab3;16:5f8de52f4bc3cc2d;17:17b1598fc4d29462;18:b163d2bd1ae86128;19:60d7ca341a5ddb2a;20:d4a55e3b52c5ade7;21:c341152f35502be3;22:e1a657209c401383;23:e1a657209c401383;24:e1a657209c401383;25:e1a657209c401383;26:e1a657209c401383;27:e1a657209c401383;28:e1a657209c401383;29:e1a657209c401383;30:e1a657209c401383;31:e1a657209c401383,0,6200,docs/experiments/minimod-paper/paper-v1-grid400/raw/standard-n4-rpn8-rep2-proxy_serial.log
standard,trigger_overlap,4,8,32,2,400,100,0.102099,0.0812124,0.0264003,0:1d7cdec2e85aff83;1:1d7cdec2e85aff83;2:1d7cdec2e85aff83;3:1d7cdec2e85aff83;4:1d7cdec2e85aff83;5:1d7cdec2e85aff83;6:1d7cdec2e85aff83;7:1d7cdec2e85aff83;8:1d7cdec2e85aff83;9:3d5d662e21a307cf;10:7c55d29df30574fa;11:d1de135c6e439e7d;12:b4c93a1af0b8f91e;13:881e9f8714436142;14:6ad08d8fe8d0249c;15:15483d21094f4ab3;16:5f8de52f4bc3cc2d;17:17b1598fc4d29462;18:b163d2bd1ae86128;19:60d7ca341a5ddb2a;20:d4a55e3b52c5ade7;21:c341152f35502be3;22:e1a657209c401383;23:e1a657209c401383;24:e1a657209c401383;25:e1a657209c401383;26:e1a657209c401383;27:e1a657209c401383;28:e1a657209c401383;29:e1a657209c401383;30:e1a657209c401383;31:e1a657209c401383,6200,0,docs/experiments/minimod-paper/paper-v1-grid400/raw/standard-n4-rpn8-rep2-trigger_overlap.log
standard,trigger_serial,4,8,32,2,400,100,0.109619,0.0907243,0.019031,0:1d7cdec2e85aff83;1:1d7cdec2e85aff83;2:1d7cdec2e85aff83;3:1d7cdec2e85aff83;4:1d7cdec2e85aff83;5:1d7cdec2e85aff83;6:1d7cdec2e85aff83;7:1d7cdec2e85aff83;8:1d7cdec2e85aff83;9:3d5d662e21a307cf;10:7c55d29df30574fa;11:d1de135c6e439e7d;12:b4c93a1af0b8f91e;13:881e9f8714436142;14:6ad08d8fe8d0249c;15:15483d21094f4ab3;16:5f8de52f4bc3cc2d;17:17b1598fc4d29462;18:b163d2bd1ae86128;19:60d7ca341a5ddb2a;20:d4a55e3b52c5ade7;21:c341152f35502be3;22:e1a657209c401383;23:e1a657209c401383;24:e1a657209c401383;25:e1a657209c401383;26:e1a657209c401383;27:e1a657209c401383;28:e1a657209c401383;29:e1a657209c401383;30:e1a657209c401383;31:e1a657209c401383,6200,0,docs/experiments/minimod-paper/paper-v1-grid400/raw/standard-n4-rpn8-rep2-trigger_serial.log
standard,default_overlap,4,8,32,3,400,100,0.0340688,0.0103529,0.0290354,0:1d7cdec2e85aff83;1:1d7cdec2e85aff83;2:1d7cdec2e85aff83;3:1d7cdec2e85aff83;4:1d7cdec2e85aff83;5:1d7cdec2e85aff83;6:1d7cdec2e85aff83;7:1d7cdec2e85aff83;8:1d7cdec2e85aff83;9:3d5d662e21a307cf;10:7c55d29df30574fa;11:d1de135c6e439e7d;12:b4c93a1af0b8f91e;13:881e9f8714436142;14:6ad08d8fe8d0249c;15:15483d21094f4ab3;16:5f8de52f4bc3cc2d;17:17b1598fc4d29462;18:b163d2bd1ae86128;19:60d7ca341a5ddb2a;20:d4a55e3b52c5ade7;21:c341152f35502be3;22:e1a657209c401383;23:e1a657209c401383;24:e1a657209c401383;25:e1a657209c401383;26:e1a657209c401383;27:e1a657209c401383;28:e1a657209c401383;29:e1a657209c401383;30:e1a657209c401383;31:e1a657209c401383,600,0,docs/experiments/minimod-paper/paper-v1-grid400/raw/standard-n4-rpn8-rep3-default_overlap.log
standard,default_serial,4,8,32,3,400,100,0.0410795,0.0222354,0.0190096,0:1d7cdec2e85aff83;1:1d7cdec2e85aff83;2:1d7cdec2e85aff83;3:1d7cdec2e85aff83;4:1d7cdec2e85aff83;5:1d7cdec2e85aff83;6:1d7cdec2e85aff83;7:1d7cdec2e85aff83;8:1d7cdec2e85aff83;9:3d5d662e21a307cf;10:7c55d29df30574fa;11:d1de135c6e439e7d;12:b4c93a1af0b8f91e;13:881e9f8714436142;14:6ad08d8fe8d0249c;15:15483d21094f4ab3;16:5f8de52f4bc3cc2d;17:17b1598fc4d29462;18:b163d2bd1ae86128;19:60d7ca341a5ddb2a;20:d4a55e3b52c5ade7;21:c341152f35502be3;22:e1a657209c401383;23:e1a657209c401383;24:e1a657209c401383;25:e1a657209c401383;26:e1a657209c401383;27:e1a657209c401383;28:e1a657209c401383;29:e1a657209c401383;30:e1a657209c401383;31:e1a657209c401383,600,0,docs/experiments/minimod-paper/paper-v1-grid400/raw/standard-n4-rpn8-rep3-default_serial.log
standard,proxy_overlap,4,8,32,3,400,100,0.0673556,0.0495204,0.0239436,0:1d7cdec2e85aff83;1:1d7cdec2e85aff83;2:1d7cdec2e85aff83;3:1d7cdec2e85aff83;4:1d7cdec2e85aff83;5:1d7cdec2e85aff83;6:1d7cdec2e85aff83;7:1d7cdec2e85aff83;8:1d7cdec2e85aff83;9:3d5d662e21a307cf;10:7c55d29df30574fa;11:d1de135c6e439e7d;12:b4c93a1af0b8f91e;13:881e9f8714436142;14:6ad08d8fe8d0249c;15:15483d21094f4ab3;16:5f8de52f4bc3cc2d;17:17b1598fc4d29462;18:b163d2bd1ae86128;19:60d7ca341a5ddb2a;20:d4a55e3b52c5ade7;21:c341152f35502be3;22:e1a657209c401383;23:e1a657209c401383;24:e1a657209c401383;25:e1a657209c401383;26:e1a657209c401383;27:e1a657209c401383;28:e1a657209c401383;29:e1a657209c401383;30:e1a657209c401383;31:e1a657209c401383,0,6200,docs/experiments/minimod-paper/paper-v1-grid400/raw/standard-n4-rpn8-rep3-proxy_overlap.log
standard,proxy_serial,4,8,32,3,400,100,0.0751307,0.0562542,0.0189949,0:1d7cdec2e85aff83;1:1d7cdec2e85aff83;2:1d7cdec2e85aff83;3:1d7cdec2e85aff83;4:1d7cdec2e85aff83;5:1d7cdec2e85aff83;6:1d7cdec2e85aff83;7:1d7cdec2e85aff83;8:1d7cdec2e85aff83;9:3d5d662e21a307cf;10:7c55d29df30574fa;11:d1de135c6e439e7d;12:b4c93a1af0b8f91e;13:881e9f8714436142;14:6ad08d8fe8d0249c;15:15483d21094f4ab3;16:5f8de52f4bc3cc2d;17:17b1598fc4d29462;18:b163d2bd1ae86128;19:60d7ca341a5ddb2a;20:d4a55e3b52c5ade7;21:c341152f35502be3;22:e1a657209c401383;23:e1a657209c401383;24:e1a657209c401383;25:e1a657209c401383;26:e1a657209c401383;27:e1a657209c401383;28:e1a657209c401383;29:e1a657209c401383;30:e1a657209c401383;31:e1a657209c401383,0,6200,docs/experiments/minimod-paper/paper-v1-grid400/raw/standard-n4-rpn8-rep3-proxy_serial.log
standard,trigger_overlap,4,8,32,3,400,100,0.102373,0.0812734,0.0273062,0:1d7cdec2e85aff83;1:1d7cdec2e85aff83;2:1d7cdec2e85aff83;3:1d7cdec2e85aff83;4:1d7cdec2e85aff83;5:1d7cdec2e85aff83;6:1d7cdec2e85aff83;7:1d7cdec2e85aff83;8:1d7cdec2e85aff83;9:3d5d662e21a307cf;10:7c55d29df30574fa;11:d1de135c6e439e7d;12:b4c93a1af0b8f91e;13:881e9f8714436142;14:6ad08d8fe8d0249c;15:15483d21094f4ab3;16:5f8de52f4bc3cc2d;17:17b1598fc4d29462;18:b163d2bd1ae86128;19:60d7ca341a5ddb2a;20:d4a55e3b52c5ade7;21:c341152f35502be3;22:e1a657209c401383;23:e1a657209c401383;24:e1a657209c401383;25:e1a657209c401383;26:e1a657209c401383;27:e1a657209c401383;28:e1a657209c401383;29:e1a657209c401383;30:e1a657209c401383;31:e1a657209c401383,6200,0,docs/experiments/minimod-paper/paper-v1-grid400/raw/standard-n4-rpn8-rep3-trigger_overlap.log
standard,trigger_serial,4,8,32,3,400,100,0.1091,0.0901576,0.0190918,0:1d7cdec2e85aff83;1:1d7cdec2e85aff83;2:1d7cdec2e85aff83;3:1d7cdec2e85aff83;4:1d7cdec2e85aff83;5:1d7cdec2e85aff83;6:1d7cdec2e85aff83;7:1d7cdec2e85aff83;8:1d7cdec2e85aff83;9:3d5d662e21a307cf;10:7c55d29df30574fa;11:d1de135c6e439e7d;12:b4c93a1af0b8f91e;13:881e9f8714436142;14:6ad08d8fe8d0249c;15:15483d21094f4ab3;16:5f8de52f4bc3cc2d;17:17b1598fc4d29462;18:b163d2bd1ae86128;19:60d7ca341a5ddb2a;20:d4a55e3b52c5ade7;21:c341152f35502be3;22:e1a657209c401383;23:e1a657209c401383;24:e1a657209c401383;25:e1a657209c401383;26:e1a657209c401383;27:e1a657209c401383;28:e1a657209c401383;29:e1a657209c401383;30:e1a657209c401383;31:e1a657209c401383,6200,0,docs/experiments/minimod-paper/paper-v1-grid400/raw/standard-n4-rpn8-rep3-trigger_serial.log
standard,default_overlap,4,8,32,4,400,100,0.0339742,0.0109396,0.0296763,0:1d7cdec2e85aff83;1:1d7cdec2e85aff83;2:1d7cdec2e85aff83;3:1d7cdec2e85aff83;4:1d7cdec2e85aff83;5:1d7cdec2e85aff83;6:1d7cdec2e85aff83;7:1d7cdec2e85aff83;8:1d7cdec2e85aff83;9:3d5d662e21a307cf;10:7c55d29df30574fa;11:d1de135c6e439e7d;12:b4c93a1af0b8f91e;13:881e9f8714436142;14:6ad08d8fe8d0249c;15:15483d21094f4ab3;16:5f8de52f4bc3cc2d;17:17b1598fc4d29462;18:b163d2bd1ae86128;19:60d7ca341a5ddb2a;20:d4a55e3b52c5ade7;21:c341152f35502be3;22:e1a657209c401383;23:e1a657209c401383;24:e1a657209c401383;25:e1a657209c401383;26:e1a657209c401383;27:e1a657209c401383;28:e1a657209c401383;29:e1a657209c401383;30:e1a657209c401383;31:e1a657209c401383,600,0,docs/experiments/minimod-paper/paper-v1-grid400/raw/standard-n4-rpn8-rep4-default_overlap.log
standard,default_serial,4,8,32,4,400,100,0.0410553,0.0221878,0.0189973,0:1d7cdec2e85aff83;1:1d7cdec2e85aff83;2:1d7cdec2e85aff83;3:1d7cdec2e85aff83;4:1d7cdec2e85aff83;5:1d7cdec2e85aff83;6:1d7cdec2e85aff83;7:1d7cdec2e85aff83;8:1d7cdec2e85aff83;9:3d5d662e21a307cf;10:7c55d29df30574fa;11:d1de135c6e439e7d;12:b4c93a1af0b8f91e;13:881e9f8714436142;14:6ad08d8fe8d0249c;15:15483d21094f4ab3;16:5f8de52f4bc3cc2d;17:17b1598fc4d29462;18:b163d2bd1ae86128;19:60d7ca341a5ddb2a;20:d4a55e3b52c5ade7;21:c341152f35502be3;22:e1a657209c401383;23:e1a657209c401383;24:e1a657209c401383;25:e1a657209c401383;26:e1a657209c401383;27:e1a657209c401383;28:e1a657209c401383;29:e1a657209c401383;30:e1a657209c401383;31:e1a657209c401383,600,0,docs/experiments/minimod-paper/paper-v1-grid400/raw/standard-n4-rpn8-rep4-default_serial.log
standard,proxy_overlap,4,8,32,4,400,100,0.0673623,0.0496731,0.0238377,0:1d7cdec2e85aff83;1:1d7cdec2e85aff83;2:1d7cdec2e85aff83;3:1d7cdec2e85aff83;4:1d7cdec2e85aff83;5:1d7cdec2e85aff83;6:1d7cdec2e85aff83;7:1d7cdec2e85aff83;8:1d7cdec2e85aff83;9:3d5d662e21a307cf;10:7c55d29df30574fa;11:d1de135c6e439e7d;12:b4c93a1af0b8f91e;13:881e9f8714436142;14:6ad08d8fe8d0249c;15:15483d21094f4ab3;16:5f8de52f4bc3cc2d;17:17b1598fc4d29462;18:b163d2bd1ae86128;19:60d7ca341a5ddb2a;20:d4a55e3b52c5ade7;21:c341152f35502be3;22:e1a657209c401383;23:e1a657209c401383;24:e1a657209c401383;25:e1a657209c401383;26:e1a657209c401383;27:e1a657209c401383;28:e1a657209c401383;29:e1a657209c401383;30:e1a657209c401383;31:e1a657209c401383,0,6200,docs/experiments/minimod-paper/paper-v1-grid400/raw/standard-n4-rpn8-rep4-proxy_overlap.log
standard,proxy_serial,4,8,32,4,400,100,0.0748875,0.0560937,0.0189018,0:1d7cdec2e85aff83;1:1d7cdec2e85aff83;2:1d7cdec2e85aff83;3:1d7cdec2e85aff83;4:1d7cdec2e85aff83;5:1d7cdec2e85aff83;6:1d7cdec2e85aff83;7:1d7cdec2e85aff83;8:1d7cdec2e85aff83;9:3d5d662e21a307cf;10:7c55d29df30574fa;11:d1de135c6e439e7d;12:b4c93a1af0b8f91e;13:881e9f8714436142;14:6ad08d8fe8d0249c;15:15483d21094f4ab3;16:5f8de52f4bc3cc2d;17:17b1598fc4d29462;18:b163d2bd1ae86128;19:60d7ca341a5ddb2a;20:d4a55e3b52c5ade7;21:c341152f35502be3;22:e1a657209c401383;23:e1a657209c401383;24:e1a657209c401383;25:e1a657209c401383;26:e1a657209c401383;27:e1a657209c401383;28:e1a657209c401383;29:e1a657209c401383;30:e1a657209c401383;31:e1a657209c401383,0,6200,docs/experiments/minimod-paper/paper-v1-grid400/raw/standard-n4-rpn8-rep4-proxy_serial.log
standard,trigger_overlap,4,8,32,4,400,100,0.101144,0.0802948,0.0270534,0:1d7cdec2e85aff83;1:1d7cdec2e85aff83;2:1d7cdec2e85aff83;3:1d7cdec2e85aff83;4:1d7cdec2e85aff83;5:1d7cdec2e85aff83;6:1d7cdec2e85aff83;7:1d7cdec2e85aff83;8:1d7cdec2e85aff83;9:3d5d662e21a307cf;10:7c55d29df30574fa;11:d1de135c6e439e7d;12:b4c93a1af0b8f91e;13:881e9f8714436142;14:6ad08d8fe8d0249c;15:15483d21094f4ab3;16:5f8de52f4bc3cc2d;17:17b1598fc4d29462;18:b163d2bd1ae86128;19:60d7ca341a5ddb2a;20:d4a55e3b52c5ade7;21:c341152f35502be3;22:e1a657209c401383;23:e1a657209c401383;24:e1a657209c401383;25:e1a657209c401383;26:e1a657209c401383;27:e1a657209c401383;28:e1a657209c401383;29:e1a657209c401383;30:e1a657209c401383;31:e1a657209c401383,6200,0,docs/experiments/minimod-paper/paper-v1-grid400/raw/standard-n4-rpn8-rep4-trigger_overlap.log
standard,trigger_serial,4,8,32,4,400,100,0.111879,0.0929997,0.0190465,0:1d7cdec2e85aff83;1:1d7cdec2e85aff83;2:1d7cdec2e85aff83;3:1d7cdec2e85aff83;4:1d7cdec2e85aff83;5:1d7cdec2e85aff83;6:1d7cdec2e85aff83;7:1d7cdec2e85aff83;8:1d7cdec2e85aff83;9:3d5d662e21a307cf;10:7c55d29df30574fa;11:d1de135c6e439e7d;12:b4c93a1af0b8f91e;13:881e9f8714436142;14:6ad08d8fe8d0249c;15:15483d21094f4ab3;16:5f8de52f4bc3cc2d;17:17b1598fc4d29462;18:b163d2bd1ae86128;19:60d7ca341a5ddb2a;20:d4a55e3b52c5ade7;21:c341152f35502be3;22:e1a657209c401383;23:e1a657209c401383;24:e1a657209c401383;25:e1a657209c401383;26:e1a657209c401383;27:e1a657209c401383;28:e1a657209c401383;29:e1a657209c401383;30:e1a657209c401383;31:e1a657209c401383,6200,0,docs/experiments/minimod-paper/paper-v1-grid400/raw/standard-n4-rpn8-rep4-trigger_serial.log
standard,default_overlap,4,8,32,5,400,100,0.0342146,0.0110182,0.0305087,0:1d7cdec2e85aff83;1:1d7cdec2e85aff83;2:1d7cdec2e85aff83;3:1d7cdec2e85aff83;4:1d7cdec2e85aff83;5:1d7cdec2e85aff83;6:1d7cdec2e85aff83;7:1d7cdec2e85aff83;8:1d7cdec2e85aff83;9:3d5d662e21a307cf;10:7c55d29df30574fa;11:d1de135c6e439e7d;12:b4c93a1af0b8f91e;13:881e9f8714436142;14:6ad08d8fe8d0249c;15:15483d21094f4ab3;16:5f8de52f4bc3cc2d;17:17b1598fc4d29462;18:b163d2bd1ae86128;19:60d7ca341a5ddb2a;20:d4a55e3b52c5ade7;21:c341152f35502be3;22:e1a657209c401383;23:e1a657209c401383;24:e1a657209c401383;25:e1a657209c401383;26:e1a657209c401383;27:e1a657209c401383;28:e1a657209c401383;29:e1a657209c401383;30:e1a657209c401383;31:e1a657209c401383,600,0,docs/experiments/minimod-paper/paper-v1-grid400/raw/standard-n4-rpn8-rep5-default_overlap.log
standard,default_serial,4,8,32,5,400,100,0.0411772,0.022265,0.0189743,0:1d7cdec2e85aff83;1:1d7cdec2e85aff83;2:1d7cdec2e85aff83;3:1d7cdec2e85aff83;4:1d7cdec2e85aff83;5:1d7cdec2e85aff83;6:1d7cdec2e85aff83;7:1d7cdec2e85aff83;8:1d7cdec2e85aff83;9:3d5d662e21a307cf;10:7c55d29df30574fa;11:d1de135c6e439e7d;12:b4c93a1af0b8f91e;13:881e9f8714436142;14:6ad08d8fe8d0249c;15:15483d21094f4ab3;16:5f8de52f4bc3cc2d;17:17b1598fc4d29462;18:b163d2bd1ae86128;19:60d7ca341a5ddb2a;20:d4a55e3b52c5ade7;21:c341152f35502be3;22:e1a657209c401383;23:e1a657209c401383;24:e1a657209c401383;25:e1a657209c401383;26:e1a657209c401383;27:e1a657209c401383;28:e1a657209c401383;29:e1a657209c401383;30:e1a657209c401383;31:e1a657209c401383,600,0,docs/experiments/minimod-paper/paper-v1-grid400/raw/standard-n4-rpn8-rep5-default_serial.log
standard,proxy_overlap,4,8,32,5,400,100,0.0674178,0.0495314,0.024064,0:1d7cdec2e85aff83;1:1d7cdec2e85aff83;2:1d7cdec2e85aff83;3:1d7cdec2e85aff83;4:1d7cdec2e85aff83;5:1d7cdec2e85aff83;6:1d7cdec2e85aff83;7:1d7cdec2e85aff83;8:1d7cdec2e85aff83;9:3d5d662e21a307cf;10:7c55d29df30574fa;11:d1de135c6e439e7d;12:b4c93a1af0b8f91e;13:881e9f8714436142;14:6ad08d8fe8d0249c;15:15483d21094f4ab3;16:5f8de52f4bc3cc2d;17:17b1598fc4d29462;18:b163d2bd1ae86128;19:60d7ca341a5ddb2a;20:d4a55e3b52c5ade7;21:c341152f35502be3;22:e1a657209c401383;23:e1a657209c401383;24:e1a657209c401383;25:e1a657209c401383;26:e1a657209c401383;27:e1a657209c401383;28:e1a657209c401383;29:e1a657209c401383;30:e1a657209c401383;31:e1a657209c401383,0,6200,docs/experiments/minimod-paper/paper-v1-grid400/raw/standard-n4-rpn8-rep5-proxy_overlap.log
standard,proxy_serial,4,8,32,5,400,100,0.0750137,0.0561371,0.0189918,0:1d7cdec2e85aff83;1:1d7cdec2e85aff83;2:1d7cdec2e85aff83;3:1d7cdec2e85aff83;4:1d7cdec2e85aff83;5:1d7cdec2e85aff83;6:1d7cdec2e85aff83;7:1d7cdec2e85aff83;8:1d7cdec2e85aff83;9:3d5d662e21a307cf;10:7c55d29df30574fa;11:d1de135c6e439e7d;12:b4c93a1af0b8f91e;13:881e9f8714436142;14:6ad08d8fe8d0249c;15:15483d21094f4ab3;16:5f8de52f4bc3cc2d;17:17b1598fc4d29462;18:b163d2bd1ae86128;19:60d7ca341a5ddb2a;20:d4a55e3b52c5ade7;21:c341152f35502be3;22:e1a657209c401383;23:e1a657209c401383;24:e1a657209c401383;25:e1a657209c401383;26:e1a657209c401383;27:e1a657209c401383;28:e1a657209c401383;29:e1a657209c401383;30:e1a657209c401383;31:e1a657209c401383,0,6200,docs/experiments/minimod-paper/paper-v1-grid400/raw/standard-n4-rpn8-rep5-proxy_serial.log
standard,trigger_overlap,4,8,32,5,400,100,0.104279,0.0830921,0.0269012,0:1d7cdec2e85aff83;1:1d7cdec2e85aff83;2:1d7cdec2e85aff83;3:1d7cdec2e85aff83;4:1d7cdec2e85aff83;5:1d7cdec2e85aff83;6:1d7cdec2e85aff83;7:1d7cdec2e85aff83;8:1d7cdec2e85aff83;9:3d5d662e21a307cf;10:7c55d29df30574fa;11:d1de135c6e439e7d;12:b4c93a1af0b8f91e;13:881e9f8714436142;14:6ad08d8fe8d0249c;15:15483d21094f4ab3;16:5f8de52f4bc3cc2d;17:17b1598fc4d29462;18:b163d2bd1ae86128;19:60d7ca341a5ddb2a;20:d4a55e3b52c5ade7;21:c341152f35502be3;22:e1a657209c401383;23:e1a657209c401383;24:e1a657209c401383;25:e1a657209c401383;26:e1a657209c401383;27:e1a657209c401383;28:e1a657209c401383;29:e1a657209c401383;30:e1a657209c401383;31:e1a657209c401383,6200,0,docs/experiments/minimod-paper/paper-v1-grid400/raw/standard-n4-rpn8-rep5-trigger_overlap.log
standard,trigger_serial,4,8,32,5,400,100,0.107628,0.0886831,0.0190766,0:1d7cdec2e85aff83;1:1d7cdec2e85aff83;2:1d7cdec2e85aff83;3:1d7cdec2e85aff83;4:1d7cdec2e85aff83;5:1d7cdec2e85aff83;6:1d7cdec2e85aff83;7:1d7cdec2e85aff83;8:1d7cdec2e85aff83;9:3d5d662e21a307cf;10:7c55d29df30574fa;11:d1de135c6e439e7d;12:b4c93a1af0b8f91e;13:881e9f8714436142;14:6ad08d8fe8d0249c;15:15483d21094f4ab3;16:5f8de52f4bc3cc2d;17:17b1598fc4d29462;18:b163d2bd1ae86128;19:60d7ca341a5ddb2a;20:d4a55e3b52c5ade7;21:c341152f35502be3;22:e1a657209c401383;23:e1a657209c401383;24:e1a657209c401383;25:e1a657209c401383;26:e1a657209c401383;27:e1a657209c401383;28:e1a657209c401383;29:e1a657209c401383;30:e1a657209c401383;31:e1a657209c401383,6200,0,docs/experiments/minimod-paper/paper-v1-grid400/raw/standard-n4-rpn8-rep5-trigger_serial.log
