GRID,path,config,bytes,K,D,B,P,L,samples,median_us,min_us,max_us,p25_us,p75_us
GRID,trigger,spin-only,0,0,0,0,1,1,9,14.989,14.378,15.721,14.689,15.179
GRID,trigger,trig-B1,256,4,0,1,1,0,9,32.452,30.268,34.136,31.932,33.475
GRID,trigger,trig-B2,256,4,0,2,1,0,9,27.263,26.331,29.838,26.531,28.255
GRID,trigger,trig-B4,256,4,0,4,1,0,9,26.120,25.069,55.207,25.931,26.401
GRID,trigger,trig-B1,256,16,0,1,1,0,9,69.464,64.235,72.360,65.176,70.747
GRID,trigger,trig-B2,256,16,0,2,1,0,9,53.103,48.705,54.415,50.488,53.764
GRID,trigger,trig-B4,256,16,0,4,1,0,9,43.464,41.270,45.768,42.963,45.247
GRID,trigger,trig-B8,256,16,0,8,1,0,9,40.438,37.703,42.493,38.444,41.500
GRID,trigger,trig-B16,256,16,0,16,1,0,9,38.504,35.689,44.987,36.911,40.147
GRID,trigger,trig-B1,256,64,0,1,1,0,9,218.503,202.643,230.567,210.789,229.735
GRID,trigger,trig-B2,256,64,0,2,1,0,9,154.239,143.698,161.353,150.341,157.736
GRID,trigger,trig-B4,256,64,0,4,1,0,9,121.005,116.987,125.673,119.031,124.381
GRID,trigger,trig-B8,256,64,0,8,1,0,9,105.464,96.076,109.041,102.749,105.795
GRID,trigger,trig-B16,256,64,0,16,1,0,9,126.355,113.029,156.924,115.834,141.975
GRID,trigger,trig-B32,256,64,0,32,1,0,9,119.762,114.371,178.255,116.936,140.933
GRID,trigger,trig-B64,256,64,0,64,1,0,9,122.427,111.977,138.107,120.504,125.112
GRID,trigger,trig-B1,4096,4,0,1,1,0,9,29.847,28.686,31.521,29.256,30.419
GRID,trigger,trig-B2,4096,4,0,2,1,0,9,26.181,25.199,27.614,26.100,26.781
GRID,trigger,trig-B4,4096,4,0,4,1,0,9,24.257,23.395,26.862,23.535,24.678
GRID,trigger,trig-B1,4096,16,0,1,1,0,9,69.786,62.451,72.180,67.581,70.616
GRID,trigger,trig-B2,4096,16,0,2,1,0,9,51.710,48.143,53.554,50.888,53.073
GRID,trigger,trig-B4,4096,16,0,4,1,0,9,44.246,42.192,45.438,42.883,44.617
GRID,trigger,trig-B8,4096,16,0,8,1,0,9,39.566,36.691,41.400,38.966,41.040
GRID,trigger,trig-B16,4096,16,0,16,1,0,9,55.186,43.925,81.678,45.688,62.902
GRID,trigger,trig-B1,4096,64,0,1,1,0,9,220.537,188.605,231.388,200.529,227.170
GRID,trigger,trig-B2,4096,64,0,2,1,0,9,150.642,144.681,160.431,145.862,157.255
GRID,trigger,trig-B4,4096,64,0,4,1,0,9,120.503,115.554,123.780,118.920,122.207
GRID,trigger,trig-B8,4096,64,0,8,1,0,9,105.354,99.422,121.836,104.542,115.564
GRID,trigger,trig-B16,4096,64,0,16,1,0,9,120.063,111.415,175.370,117.488,127.277
GRID,trigger,trig-B32,4096,64,0,32,1,0,9,127.597,115.523,152.715,120.343,130.993
GRID,trigger,trig-B64,4096,64,0,64,1,0,9,124.822,112.348,143.438,122.548,128.088
GRID,trigger,trig-B1,65536,4,0,1,1,0,9,34.367,30.900,37.933,31.301,34.967
GRID,trigger,trig-B2,65536,4,0,2,1,0,9,33.395,30.830,56.069,31.642,42.503
GRID,trigger,trig-B4,65536,4,0,4,1,0,9,39.396,31.691,67.862,36.701,47.131
GRID,trigger,trig-B1,65536,16,0,1,1,0,9,82.580,75.446,115.895,77.901,95.906
GRID,trigger,trig-B2,65536,16,0,2,1,0,9,85.305,76.518,109.603,81.528,100.324
GRID,trigger,trig-B4,65536,16,0,4,1,0,9,87.790,81.518,121.595,84.874,92.950
GRID,trigger,trig-B8,65536,16,0,8,1,0,9,84.003,78.091,106.656,79.564,89.513
GRID,trigger,trig-B16,65536,16,0,16,1,0,9,82.519,78.832,119.552,80.496,95.294
GRID,trigger,trig-B1,65536,64,0,1,1,0,9,271.456,259.172,282.717,265.645,277.438
GRID,trigger,trig-B2,65536,64,0,2,1,0,9,266.186,259.392,278.469,262.088,277.047
GRID,trigger,trig-B4,65536,64,0,4,1,0,9,271.556,257.038,278.199,263.510,276.926
GRID,trigger,trig-B8,65536,64,0,8,1,0,9,267.558,262.468,311.964,264.693,270.625
GRID,trigger,trig-B16,65536,64,0,16,1,0,9,274.382,267.118,286.735,269.362,274.943
GRID,trigger,trig-B32,65536,64,0,32,1,0,9,274.422,263.230,297.416,267.127,281.846
GRID,trigger,trig-B64,65536,64,0,64,1,0,9,271.466,265.374,299.770,269.161,274.822
GRID,trigger,trig-B1,1048576,4,0,1,1,0,9,216.399,195.538,246.718,198.995,236.298
GRID,trigger,trig-B2,1048576,4,0,2,1,0,9,198.485,193.114,265.565,195.308,205.758
GRID,trigger,trig-B4,1048576,4,0,4,1,0,9,200.659,195.909,213.053,199.065,204.286
GRID,trigger,trig-B1,1048576,16,0,1,1,0,9,733.170,724.273,776.885,727.229,735.694
GRID,trigger,trig-B2,1048576,16,0,2,1,0,9,729.472,723.491,778.708,728.381,766.334
GRID,trigger,trig-B4,1048576,16,0,4,1,0,9,736.216,724.984,852.361,727.840,774.079
GRID,trigger,trig-B8,1048576,16,0,8,1,0,9,751.916,729.062,801.502,730.395,759.902
GRID,trigger,trig-B16,1048576,16,0,16,1,0,9,737.138,730.786,754.031,733.922,743.519
GRID,trigger,trig-B1,1048576,64,0,1,1,0,9,2866.983,2852.153,2916.709,2859.848,2875.458
GRID,trigger,trig-B2,1048576,64,0,2,1,0,9,2877.672,2850.080,2897.962,2863.896,2882.743
GRID,trigger,trig-B4,1048576,64,0,4,1,0,9,2862.784,2853.876,2948.771,2862.032,2867.934
GRID,trigger,trig-B8,1048576,64,0,8,1,0,9,2860.019,2853.315,2898.503,2858.766,2870.058
GRID,trigger,trig-B16,1048576,64,0,16,1,0,9,2866.631,2858.996,2884.806,2862.052,2873.144
GRID,trigger,trig-B32,1048576,64,0,32,1,0,9,2889.586,2867.082,2905.356,2872.282,2893.153
GRID,trigger,trig-B64,1048576,64,0,64,1,0,9,2866.522,2860.470,2881.050,2865.509,2869.527
GRID,trigger,spin-only,0,0,50,0,1,1,9,62.902,62.360,64.515,62.701,63.252
GRID,trigger,trig-B1,256,4,50,1,1,0,9,80.495,79.173,81.347,79.945,80.887
GRID,trigger,trig-B2,256,4,50,2,1,0,9,75.987,74.845,78.522,75.506,76.238
GRID,trigger,trig-B4,256,4,50,4,1,0,9,74.875,73.592,76.628,73.904,75.296
GRID,trigger,trig-B1,256,16,50,1,1,0,9,118.389,112.097,121.705,112.929,119.211
GRID,trigger,trig-B2,256,16,50,2,1,0,9,101.436,97.419,104.893,98.941,102.298
GRID,trigger,trig-B4,256,16,50,4,1,0,9,92.930,89.995,94.412,92.108,94.342
GRID,trigger,trig-B8,256,16,50,8,1,0,9,89.233,86.237,91.247,88.080,90.465
GRID,trigger,trig-B16,256,16,50,16,1,0,9,87.961,85.125,91.717,87.509,88.742
GRID,trigger,trig-B1,256,64,50,1,1,0,9,264.082,241.317,286.074,252.098,276.325
GRID,trigger,trig-B2,256,64,50,2,1,0,9,203.905,193.254,213.032,203.485,208.745
GRID,trigger,trig-B4,256,64,50,4,1,0,9,172.995,165.862,176.041,167.895,174.117
GRID,trigger,trig-B8,256,64,50,8,1,0,9,155.280,151.193,165.390,152.014,157.004
GRID,trigger,trig-B16,256,64,50,16,1,0,9,144.920,140.813,151.834,144.460,146.264
GRID,trigger,trig-B32,256,64,50,32,1,0,9,141.404,138.679,146.554,139.300,142.806
GRID,trigger,trig-B64,256,64,50,64,1,0,9,140.723,137.867,144.750,138.729,142.135
GRID,trigger,trig-B1,4096,4,50,1,1,0,9,81.067,78.382,82.600,80.135,81.227
GRID,trigger,trig-B2,4096,4,50,2,1,0,9,76.508,74.474,77.510,75.727,76.979
GRID,trigger,trig-B4,4096,4,50,4,1,0,9,73.723,73.482,76.408,73.652,74.474
GRID,trigger,trig-B1,4096,16,50,1,1,0,9,117.528,112.508,122.117,116.446,120.153
GRID,trigger,trig-B2,4096,16,50,2,1,0,9,102.137,98.942,103.040,101.837,102.920
GRID,trigger,trig-B4,4096,16,50,4,1,0,9,92.600,90.736,97.970,92.369,94.182
GRID,trigger,trig-B8,4096,16,50,8,1,0,9,88.180,87.570,92.860,87.780,89.604
GRID,trigger,trig-B16,4096,16,50,16,1,0,9,87.469,86.367,89.724,87.219,87.519
GRID,trigger,trig-B1,4096,64,50,1,1,0,9,270.173,249.563,285.583,252.018,281.294
GRID,trigger,trig-B2,4096,64,50,2,1,0,9,204.256,194.837,211.720,197.913,209.416
GRID,trigger,trig-B4,4096,64,50,4,1,0,9,169.919,160.862,174.899,168.908,171.121
GRID,trigger,trig-B8,4096,64,50,8,1,0,9,153.858,148.848,156.934,150.321,156.072
GRID,trigger,trig-B16,4096,64,50,16,1,0,9,145.041,141.183,152.445,143.067,150.431
GRID,trigger,trig-B32,4096,64,50,32,1,0,9,141.905,136.414,148.257,141.774,145.351
GRID,trigger,trig-B64,4096,64,50,64,1,0,9,140.502,135.893,144.069,139.711,141.875
GRID,trigger,trig-B1,65536,4,50,1,1,0,9,80.345,79.534,81.538,79.875,81.257
GRID,trigger,trig-B2,65536,4,50,2,1,0,9,76.178,74.705,76.789,76.147,76.568
GRID,trigger,trig-B4,65536,4,50,4,1,0,9,74.434,72.871,74.564,74.164,74.504
GRID,trigger,trig-B1,65536,16,50,1,1,0,9,119.301,113.339,125.413,113.880,120.203
GRID,trigger,trig-B2,65536,16,50,2,1,0,9,101.366,98.892,104.813,101.156,103.460
GRID,trigger,trig-B4,65536,16,50,4,1,0,9,93.872,91.618,97.368,93.040,95.615
GRID,trigger,trig-B8,65536,16,50,8,1,0,9,89.423,87.720,90.355,88.372,89.975
GRID,trigger,trig-B16,65536,16,50,16,1,0,9,88.171,85.606,90.755,86.437,88.581
GRID,trigger,trig-B1,65536,64,50,1,1,0,9,273.219,256.176,296.023,268.289,277.086
GRID,trigger,trig-B2,65536,64,50,2,1,0,9,266.286,259.923,308.969,264.292,275.643
GRID,trigger,trig-B4,65536,64,50,4,1,0,9,265.424,256.837,324.488,263.470,300.612
GRID,trigger,trig-B8,65536,64,50,8,1,0,9,274.923,263.461,297.095,272.047,278.249
GRID,trigger,trig-B16,65536,64,50,16,1,0,9,270.174,266.456,297.937,267.508,279.331
GRID,trigger,trig-B32,65536,64,50,32,1,0,9,279.301,265.083,300.261,275.363,287.337
GRID,trigger,trig-B64,65536,64,50,64,1,0,9,275.904,264.282,366.039,271.035,295.402
GRID,trigger,trig-B1,1048576,4,50,1,1,0,9,196.099,193.544,216.118,195.289,200.969
GRID,trigger,trig-B2,1048576,4,50,2,1,0,9,196.631,195.328,256.357,196.030,222.050
GRID,trigger,trig-B4,1048576,4,50,4,1,0,9,201.410,194.707,218.884,195.609,214.956
GRID,trigger,trig-B1,1048576,16,50,1,1,0,9,735.324,726.016,793.748,729.813,744.983
GRID,trigger,trig-B2,1048576,16,50,2,1,0,9,742.227,725.956,757.246,740.525,745.904
GRID,trigger,trig-B4,1048576,16,50,4,1,0,9,729.233,724.633,762.446,727.499,740.734
GRID,trigger,trig-B8,1048576,16,50,8,1,0,9,731.987,729.483,735.334,730.204,732.920
GRID,trigger,trig-B16,1048576,16,50,16,1,0,9,741.335,730.064,769.040,735.474,747.928
GRID,trigger,trig-B1,1048576,64,50,1,1,0,9,2861.151,2852.674,2870.759,2856.281,2863.906
GRID,trigger,trig-B2,1048576,64,50,2,1,0,9,2869.146,2849.138,2906.619,2860.048,2887.241
GRID,trigger,trig-B4,1048576,64,50,4,1,0,9,2857.093,2851.452,2873.685,2853.095,2863.415
GRID,trigger,trig-B8,1048576,64,50,8,1,0,9,2875.459,2852.174,2882.973,2871.311,2876.761
GRID,trigger,trig-B16,1048576,64,50,16,1,0,9,2874.888,2864.428,2912.440,2872.032,2880.909
GRID,trigger,trig-B32,1048576,64,50,32,1,0,9,2870.809,2863.896,2885.307,2867.403,2873.435
GRID,trigger,trig-B64,1048576,64,50,64,1,0,9,2867.083,2858.495,2881.761,2859.978,2878.334
GRID,trigger,spin-only,0,0,200,0,1,1,9,212.462,212.231,212.832,212.341,212.601
GRID,trigger,trig-B1,256,4,200,1,1,0,9,231.208,229.985,233.021,230.967,232.119
GRID,trigger,trig-B2,256,4,200,2,1,0,9,226.559,225.817,227.311,226.078,227.140
GRID,trigger,trig-B4,256,4,200,4,1,0,9,225.176,223.012,226.167,223.553,225.506
GRID,trigger,trig-B1,256,16,200,1,1,0,9,267.488,260.645,270.494,264.372,268.841
GRID,trigger,trig-B2,256,16,200,2,1,0,9,250.736,246.197,254.763,248.852,253.120
GRID,trigger,trig-B4,256,16,200,4,1,0,9,243.151,241.618,244.504,242.349,243.702
GRID,trigger,trig-B8,256,16,200,8,1,0,9,240.415,238.171,243.621,239.013,241.268
GRID,trigger,trig-B16,256,16,200,16,1,0,9,237.480,235.496,240.145,236.839,237.950
GRID,trigger,trig-B1,256,64,200,1,1,0,9,418.640,391.598,430.153,414.383,425.153
GRID,trigger,trig-B2,256,64,200,2,1,0,9,350.539,342.493,377.511,344.026,358.363
GRID,trigger,trig-B4,256,64,200,4,1,0,9,322.024,317.385,323.306,318.697,322.354
GRID,trigger,trig-B8,256,64,200,8,1,0,9,301.033,296.524,311.623,300.081,302.456
GRID,trigger,trig-B16,256,64,200,16,1,0,9,296.203,287.376,298.999,293.578,297.436
GRID,trigger,trig-B32,256,64,200,32,1,0,9,295.382,287.266,299.470,292.276,296.484
GRID,trigger,trig-B64,256,64,200,64,1,0,9,289.170,286.104,299.140,287.417,291.905
GRID,trigger,trig-B1,4096,4,200,1,1,0,9,230.206,229.153,233.563,229.805,230.587
GRID,trigger,trig-B2,4096,4,200,2,1,0,9,226.499,226.037,230.417,226.419,226.679
GRID,trigger,trig-B4,4096,4,200,4,1,0,9,224.374,223.563,226.298,223.813,225.266
GRID,trigger,trig-B1,4096,16,200,1,1,0,9,267.337,262.438,272.167,267.117,270.484
GRID,trigger,trig-B2,4096,16,200,2,1,0,9,252.299,249.403,255.565,250.845,254.312
GRID,trigger,trig-B4,4096,16,200,4,1,0,9,243.040,241.228,245.796,242.510,243.873
GRID,trigger,trig-B8,4096,16,200,8,1,0,9,239.664,237.510,242.219,238.441,240.426
GRID,trigger,trig-B16,4096,16,200,16,1,0,9,237.049,235.596,241.368,236.368,239.093
GRID,trigger,trig-B1,4096,64,200,1,1,0,9,423.690,394.765,433.609,412.879,430.023
GRID,trigger,trig-B2,4096,64,200,2,1,0,9,354.096,340.208,365.458,345.509,357.762
GRID,trigger,trig-B4,4096,64,200,4,1,0,9,319.889,315.080,333.045,317.365,323.607
GRID,trigger,trig-B8,4096,64,200,8,1,0,9,306.213,300.271,310.781,302.746,307.686
GRID,trigger,trig-B16,4096,64,200,16,1,0,9,294.220,293.117,301.204,293.698,297.716
GRID,trigger,trig-B32,4096,64,200,32,1,0,9,292.657,288.989,297.015,291.053,294.129
GRID,trigger,trig-B64,4096,64,200,64,1,0,9,288.749,286.465,298.378,288.228,294.450
GRID,trigger,trig-B1,65536,4,200,1,1,0,9,230.566,228.693,232.260,229.654,231.388
GRID,trigger,trig-B2,65536,4,200,2,1,0,9,226.659,225.546,228.633,226.479,227.130
GRID,trigger,trig-B4,65536,4,200,4,1,0,9,224.044,223.583,225.958,223.774,224.205
GRID,trigger,trig-B1,65536,16,200,1,1,0,9,268.330,262.859,271.546,266.817,269.662
GRID,trigger,trig-B2,65536,16,200,2,1,0,9,251.477,247.379,255.625,250.405,253.451
GRID,trigger,trig-B4,65536,16,200,4,1,0,9,244.453,240.777,245.956,243.702,244.974
GRID,trigger,trig-B8,65536,16,200,8,1,0,9,239.794,237.299,244.544,238.652,240.987
GRID,trigger,trig-B16,65536,16,200,16,1,0,9,237.590,235.797,239.714,236.488,238.783
GRID,trigger,trig-B1,65536,64,200,1,1,0,9,423.550,394.244,437.177,399.323,428.169
GRID,trigger,trig-B2,65536,64,200,2,1,0,9,351.510,339.848,360.368,349.276,358.394
GRID,trigger,trig-B4,65536,64,200,4,1,0,9,319.950,316.032,325.500,316.313,322.454
GRID,trigger,trig-B8,65536,64,200,8,1,0,9,303.798,301.995,309.189,302.606,306.203
GRID,trigger,trig-B16,65536,64,200,16,1,0,9,295.712,292.376,303.107,293.949,301.715
GRID,trigger,trig-B32,65536,64,200,32,1,0,9,291.785,288.869,295.141,289.561,292.647
GRID,trigger,trig-B64,65536,64,200,64,1,0,9,288.128,284.481,297.867,287.106,291.174
GRID,trigger,trig-B1,1048576,4,200,1,1,0,9,231.147,228.342,238.332,229.755,232.661
GRID,trigger,trig-B2,1048576,4,200,2,1,0,9,226.138,225.737,227.791,225.998,226.759
GRID,trigger,trig-B4,1048576,4,200,4,1,0,9,224.024,223.653,225.497,223.883,224.685
GRID,trigger,trig-B1,1048576,16,200,1,1,0,9,730.114,727.279,751.546,729.242,737.067
GRID,trigger,trig-B2,1048576,16,200,2,1,0,9,729.884,726.207,743.049,728.080,731.888
GRID,trigger,trig-B4,1048576,16,200,4,1,0,9,728.691,723.571,743.821,727.639,734.703
GRID,trigger,trig-B8,1048576,16,200,8,1,0,9,737.318,728.181,764.590,730.625,743.570
GRID,trigger,trig-B16,1048576,16,200,16,1,0,9,729.694,726.257,758.349,728.190,741.636
GRID,trigger,trig-B1,1048576,64,200,1,1,0,9,2857.564,2849.869,2873.955,2854.357,2860.549
GRID,trigger,trig-B2,1048576,64,200,2,1,0,9,2857.644,2850.750,2866.812,2857.073,2860.490
GRID,trigger,trig-B4,1048576,64,200,4,1,0,9,2862.153,2852.314,2883.724,2860.810,2871.611
GRID,trigger,trig-B8,1048576,64,200,8,1,0,9,2871.491,2853.877,2920.786,2866.692,2883.865
GRID,trigger,trig-B16,1048576,64,200,16,1,0,9,2868.815,2862.944,2912.651,2866.350,2882.512
GRID,trigger,trig-B32,1048576,64,200,32,1,0,9,2870.058,2864.638,2920.345,2866.151,2878.294
GRID,trigger,trig-B64,1048576,64,200,64,1,0,9,2870.399,2859.588,2913.622,2867.863,2874.106
GRID,path,config,bytes,K,D,B,P,L,samples,median_us,min_us,max_us,p25_us,p75_us
GRID,proxy,spin-only,0,0,0,0,1,1,9,13.647,13.135,14.649,13.526,13.997
GRID,proxy,proxy-P1-L1,256,4,0,0,1,1,9,32.072,30.249,32.673,30.920,32.393
GRID,proxy,proxy-P2-L1,256,4,0,0,2,1,9,25.770,24.547,26.651,25.670,25.940
GRID,proxy,proxy-P4-L1,256,4,0,0,4,1,9,26.943,25.780,31.922,25.810,27.794
GRID,proxy,proxy-P1-L1,256,16,0,0,1,1,9,68.693,66.198,72.120,67.501,69.895
GRID,proxy,proxy-P2-L1,256,16,0,0,2,1,9,44.477,43.875,45.638,44.145,44.846
GRID,proxy,proxy-P4-L1,256,16,0,0,4,1,9,44.466,42.893,46.861,43.694,45.268
GRID,proxy,proxy-P8-L1,256,16,0,0,8,1,9,50.588,46.460,54.425,49.456,51.680
GRID,proxy,proxy-P1-L1,256,64,0,0,1,1,9,216.639,215.397,219.585,216.109,217.020
GRID,proxy,proxy-P2-L1,256,64,0,0,2,1,9,120.162,119.511,122.297,119.722,120.574
GRID,proxy,proxy-P4-L1,256,64,0,0,4,1,9,113.780,109.772,117.648,111.997,115.333
GRID,proxy,proxy-P8-L1,256,64,0,0,8,1,9,115.293,105.073,127.166,113.380,119.982
GRID,proxy,proxy-P1-L1,4096,4,0,0,1,1,9,30.690,30.338,31.251,30.600,30.860
GRID,proxy,proxy-P2-L1,4096,4,0,0,2,1,9,26.501,25.128,31.481,25.920,26.712
GRID,proxy,proxy-P4-L1,4096,4,0,0,4,1,9,26.512,26.171,28.635,26.502,26.922
GRID,proxy,proxy-P1-L1,4096,16,0,0,1,1,9,67.892,66.609,68.904,67.220,68.482
GRID,proxy,proxy-P2-L1,4096,16,0,0,2,1,9,44.617,43.495,46.210,44.316,45.178
GRID,proxy,proxy-P4-L1,4096,16,0,0,4,1,9,45.578,42.913,48.163,43.965,45.999
GRID,proxy,proxy-P8-L1,4096,16,0,0,8,1,9,52.501,48.734,57.451,51.319,54.014
GRID,proxy,proxy-P1-L1,4096,64,0,0,1,1,9,216.479,211.820,219.856,215.307,218.072
GRID,proxy,proxy-P2-L1,4096,64,0,0,2,1,9,119.903,119.552,120.995,119.622,120.113
GRID,proxy,proxy-P4-L1,4096,64,0,0,4,1,9,113.289,109.532,120.062,112.898,117.547
GRID,proxy,proxy-P8-L1,4096,64,0,0,8,1,9,115.584,110.303,129.451,114.221,120.303
GRID,proxy,proxy-P1-L1,65536,4,0,0,1,1,9,33.245,32.453,35.398,32.873,33.856
GRID,proxy,proxy-P2-L1,65536,4,0,0,2,1,9,32.212,31.882,32.653,31.992,32.563
GRID,proxy,proxy-P4-L1,65536,4,0,0,4,1,9,33.295,32.533,36.641,32.974,33.565
GRID,proxy,proxy-P1-L1,65536,16,0,0,1,1,9,70.577,68.924,72.280,70.036,71.248
GRID,proxy,proxy-P2-L1,65536,16,0,0,2,1,9,64.545,64.054,65.757,64.354,64.886
GRID,proxy,proxy-P4-L1,65536,16,0,0,4,1,9,68.804,64.806,74.825,65.186,69.675
GRID,proxy,proxy-P8-L1,65536,16,0,0,8,1,9,80.035,75.506,89.664,79.314,84.563
GRID,proxy,proxy-P1-L1,65536,64,0,0,1,1,9,218.313,215.928,224.274,218.092,218.473
GRID,proxy,proxy-P2-L1,65536,64,0,0,2,1,9,194.517,193.665,195.198,194.126,194.817
GRID,proxy,proxy-P4-L1,65536,64,0,0,4,1,9,203.735,199.276,207.683,202.993,207.321
GRID,proxy,proxy-P8-L1,65536,64,0,0,8,1,9,217.341,212.372,226.880,216.008,218.553
GRID,proxy,proxy-P1-L1,1048576,4,0,0,1,1,9,193.876,193.415,194.687,193.735,194.276
GRID,proxy,proxy-P2-L1,1048576,4,0,0,2,1,9,194.026,193.354,195.278,193.855,194.096
GRID,proxy,proxy-P4-L1,1048576,4,0,0,4,1,9,194.586,193.916,195.348,194.016,194.908
GRID,proxy,proxy-P1-L1,1048576,16,0,0,1,1,9,712.800,712.220,713.982,712.550,712.981
GRID,proxy,proxy-P2-L1,1048576,16,0,0,2,1,9,713.101,712.169,717.539,712.700,713.331
GRID,proxy,proxy-P4-L1,1048576,16,0,0,4,1,9,717.028,712.721,721.607,713.110,717.440
GRID,proxy,proxy-P8-L1,1048576,16,0,0,8,1,9,731.867,723.231,739.753,731.516,735.324
GRID,proxy,proxy-P1-L1,1048576,64,0,0,1,1,9,2786.816,2786.365,2787.758,2786.475,2787.186
GRID,proxy,proxy-P2-L1,1048576,64,0,0,2,1,9,2787.086,2786.085,2792.107,2786.826,2787.948
GRID,proxy,proxy-P4-L1,1048576,64,0,0,4,1,9,2795.162,2790.824,2800.773,2795.102,2795.754
GRID,proxy,proxy-P8-L1,1048576,64,0,0,8,1,9,2810.101,2805.993,2819.680,2809.319,2813.438
GRID,proxy,spin-only,0,0,50,0,1,1,9,61.149,60.477,62.802,60.917,61.629
GRID,proxy,proxy-P1-L1,256,4,50,0,1,1,9,78.933,78.221,80.406,78.642,79.504
GRID,proxy,proxy-P2-L1,256,4,50,0,2,1,9,74.374,73.562,76.097,73.762,74.575
GRID,proxy,proxy-P4-L1,256,4,50,0,4,1,9,74.204,73.582,74.735,74.053,74.414
GRID,proxy,proxy-P1-L1,256,16,50,0,1,1,9,115.814,114.582,122.387,115.433,117.277
GRID,proxy,proxy-P2-L1,256,16,50,0,2,1,9,93.120,92.208,94.673,92.829,93.371
GRID,proxy,proxy-P4-L1,256,16,50,0,4,1,9,91.457,90.365,92.339,91.347,91.878
GRID,proxy,proxy-P8-L1,256,16,50,0,8,1,9,89.783,87.459,91.036,88.491,90.406
GRID,proxy,proxy-P1-L1,256,64,50,0,1,1,9,264.292,258.861,268.430,263.991,264.903
GRID,proxy,proxy-P2-L1,256,64,50,0,2,1,9,168.336,167.705,169.278,168.025,168.927
GRID,proxy,proxy-P4-L1,256,64,50,0,4,1,9,159.809,146.905,162.004,156.994,160.341
GRID,proxy,proxy-P8-L1,256,64,50,0,8,1,9,152.285,149.148,157.095,149.329,156.042
GRID,proxy,proxy-P1-L1,4096,4,50,0,1,1,9,79.444,78.713,83.432,79.333,79.514
GRID,proxy,proxy-P2-L1,4096,4,50,0,2,1,9,74.494,73.602,75.557,74.204,74.605
GRID,proxy,proxy-P4-L1,4096,4,50,0,4,1,9,74.143,73.593,75.476,73.833,74.494
GRID,proxy,proxy-P1-L1,4096,16,50,0,1,1,9,116.375,114.792,117.868,116.074,117.367
GRID,proxy,proxy-P2-L1,4096,16,50,0,2,1,9,93.310,92.319,93.892,92.789,93.431
GRID,proxy,proxy-P4-L1,4096,16,50,0,4,1,9,92.068,90.856,94.654,91.858,92.719
GRID,proxy,proxy-P8-L1,4096,16,50,0,8,1,9,90.826,87.880,96.196,89.633,91.087
GRID,proxy,proxy-P1-L1,4096,64,50,0,1,1,9,263.130,260.304,269.542,262.738,263.881
GRID,proxy,proxy-P2-L1,4096,64,50,0,2,1,9,168.707,167.805,170.079,168.536,169.098
GRID,proxy,proxy-P4-L1,4096,64,50,0,4,1,9,160.250,151.393,163.407,154.789,161.623
GRID,proxy,proxy-P8-L1,4096,64,50,0,8,1,9,155.892,150.291,159.569,152.936,156.563
GRID,proxy,proxy-P1-L1,65536,4,50,0,1,1,9,79.243,78.692,79.463,78.893,79.344
GRID,proxy,proxy-P2-L1,65536,4,50,0,2,1,9,74.474,73.462,75.006,74.244,74.765
GRID,proxy,proxy-P4-L1,65536,4,50,0,4,1,9,74.284,73.703,75.446,73.973,74.384
GRID,proxy,proxy-P1-L1,65536,16,50,0,1,1,9,116.947,116.305,119.001,116.606,117.247
GRID,proxy,proxy-P2-L1,65536,16,50,0,2,1,9,93.562,91.918,94.002,93.150,93.822
GRID,proxy,proxy-P4-L1,65536,16,50,0,4,1,9,91.257,90.636,91.908,90.916,91.347
GRID,proxy,proxy-P8-L1,65536,16,50,0,8,1,9,89.583,87.709,93.020,88.291,89.894
GRID,proxy,proxy-P1-L1,65536,64,50,0,1,1,9,263.730,259.773,270.073,262.719,264.051
GRID,proxy,proxy-P2-L1,65536,64,50,0,2,1,9,194.166,193.495,194.778,193.745,194.456
GRID,proxy,proxy-P4-L1,65536,64,50,0,4,1,9,194.477,193.865,195.789,194.306,195.198
GRID,proxy,proxy-P8-L1,65536,64,50,0,8,1,9,196.661,195.980,199.948,196.391,196.951
GRID,proxy,proxy-P1-L1,1048576,4,50,0,1,1,9,193.705,193.335,196.130,193.454,194.146
GRID,proxy,proxy-P2-L1,1048576,4,50,0,2,1,9,193.865,193.544,197.052,193.695,194.286
GRID,proxy,proxy-P4-L1,1048576,4,50,0,4,1,9,194.607,193.895,194.907,194.246,194.717
GRID,proxy,proxy-P1-L1,1048576,16,50,0,1,1,9,712.559,712.169,713.783,712.419,713.301
GRID,proxy,proxy-P2-L1,1048576,16,50,0,2,1,9,712.740,712.399,714.103,712.530,713.221
GRID,proxy,proxy-P4-L1,1048576,16,50,0,4,1,9,713.772,712.539,714.944,713.372,713.812
GRID,proxy,proxy-P8-L1,1048576,16,50,0,8,1,9,715.054,714.313,716.057,714.914,715.205
GRID,proxy,proxy-P1-L1,1048576,64,50,0,1,1,9,2786.505,2785.865,2788.108,2786.406,2786.645
GRID,proxy,proxy-P2-L1,1048576,64,50,0,2,1,9,2787.137,2786.896,2787.949,2786.976,2787.437
GRID,proxy,proxy-P4-L1,1048576,64,50,0,4,1,9,2787.388,2786.966,2787.878,2787.077,2787.697
GRID,proxy,proxy-P8-L1,1048576,64,50,0,8,1,9,2789.651,2788.540,2790.623,2789.041,2790.113
GRID,proxy,spin-only,0,0,200,0,1,1,9,211.660,210.598,212.602,211.119,211.810
GRID,proxy,proxy-P1-L1,256,4,200,0,1,1,9,229.665,228.432,232.229,229.163,230.336
GRID,proxy,proxy-P2-L1,256,4,200,0,2,1,9,224.234,223.683,224.965,224.134,224.434
GRID,proxy,proxy-P4-L1,256,4,200,0,4,1,9,224.355,223.413,226.288,223.963,224.845
GRID,proxy,proxy-P1-L1,256,16,200,0,1,1,9,267.017,265.093,269.181,266.446,267.548
GRID,proxy,proxy-P2-L1,256,16,200,0,2,1,9,242.971,242.479,244.504,242.770,243.371
GRID,proxy,proxy-P4-L1,256,16,200,0,4,1,9,241.337,240.556,243.812,240.746,241.859
GRID,proxy,proxy-P8-L1,256,16,200,0,8,1,9,239.694,237.861,242.439,238.202,240.265
GRID,proxy,proxy-P1-L1,256,64,200,0,1,1,9,413.611,409.673,420.384,411.807,414.783
GRID,proxy,proxy-P2-L1,256,64,200,0,2,1,9,317.415,316.463,319.820,317.034,318.256
GRID,proxy,proxy-P4-L1,256,64,200,0,4,1,9,309.159,305.812,315.811,308.247,310.962
GRID,proxy,proxy-P8-L1,256,64,200,0,8,1,9,304.039,299.720,315.782,301.935,308.177
GRID,proxy,proxy-P1-L1,4096,4,200,0,1,1,9,229.164,228.743,229.655,228.903,229.464
GRID,proxy,proxy-P2-L1,4096,4,200,0,2,1,9,224.615,224.084,225.466,224.275,225.026
GRID,proxy,proxy-P4-L1,4096,4,200,0,4,1,9,223.994,223.523,224.665,223.914,224.474
GRID,proxy,proxy-P1-L1,4096,16,200,0,1,1,9,266.776,265.234,267.378,266.396,267.097
GRID,proxy,proxy-P2-L1,4096,16,200,0,2,1,9,242.880,242.249,244.343,242.630,243.412
GRID,proxy,proxy-P4-L1,4096,16,200,0,4,1,9,240.626,237.601,241.928,240.376,241.478
GRID,proxy,proxy-P8-L1,4096,16,200,0,8,1,9,238.151,236.538,240.446,237.741,239.624
GRID,proxy,proxy-P1-L1,4096,64,200,0,1,1,9,413.731,411.717,419.603,413.160,415.555
GRID,proxy,proxy-P2-L1,4096,64,200,0,2,1,9,317.545,316.663,318.076,317.404,317.735
GRID,proxy,proxy-P4-L1,4096,64,200,0,4,1,9,307.926,302.626,311.714,303.969,311.343
GRID,proxy,proxy-P8-L1,4096,64,200,0,8,1,9,304.229,299.791,311.012,302.366,307.525
GRID,proxy,proxy-P1-L1,65536,4,200,0,1,1,9,228.492,228.012,229.544,228.142,228.883
GRID,proxy,proxy-P2-L1,65536,4,200,0,2,1,9,223.974,223.342,227.150,223.553,224.154
GRID,proxy,proxy-P4-L1,65536,4,200,0,4,1,9,223.352,223.102,224.094,223.182,223.934
GRID,proxy,proxy-P1-L1,65536,16,200,0,1,1,9,265.504,262.197,266.766,264.893,265.945
GRID,proxy,proxy-P2-L1,65536,16,200,0,2,1,9,242.049,241.397,242.550,241.779,242.449
GRID,proxy,proxy-P4-L1,65536,16,200,0,4,1,9,240.175,236.748,240.956,239.203,240.345
GRID,proxy,proxy-P8-L1,65536,16,200,0,8,1,9,238.171,237.269,239.634,237.580,238.372
GRID,proxy,proxy-P1-L1,65536,64,200,0,1,1,9,409.292,406.196,413.190,407.068,409.964
GRID,proxy,proxy-P2-L1,65536,64,200,0,2,1,9,314.559,313.407,317.114,314.409,315.241
GRID,proxy,proxy-P4-L1,65536,64,200,0,4,1,9,301.925,298.588,306.223,301.073,303.939
GRID,proxy,proxy-P8-L1,65536,64,200,0,8,1,9,304.620,294.871,309.850,297.366,305.642
GRID,proxy,proxy-P1-L1,1048576,4,200,0,1,1,9,228.552,227.621,230.096,228.272,228.702
GRID,proxy,proxy-P2-L1,1048576,4,200,0,2,1,9,223.743,223.142,224.374,223.683,223.824
GRID,proxy,proxy-P4-L1,1048576,4,200,0,4,1,9,223.563,223.052,226.739,223.302,223.903
GRID,proxy,proxy-P1-L1,1048576,16,200,0,1,1,9,712.480,711.908,713.101,712.179,712.761
GRID,proxy,proxy-P2-L1,1048576,16,200,0,2,1,9,712.700,712.420,713.752,712.659,713.391
GRID,proxy,proxy-P4-L1,1048576,16,200,0,4,1,9,713.091,712.650,713.582,712.730,713.252
GRID,proxy,proxy-P8-L1,1048576,16,200,0,8,1,9,714.633,714.133,715.445,714.514,714.874
GRID,proxy,proxy-P1-L1,1048576,64,200,0,1,1,9,2786.485,2786.075,2787.547,2786.164,2786.726
GRID,proxy,proxy-P2-L1,1048576,64,200,0,2,1,9,2786.706,2786.425,2791.736,2786.666,2787.467
GRID,proxy,proxy-P4-L1,1048576,64,200,0,4,1,9,2787.247,2786.516,2787.878,2786.696,2787.387
GRID,proxy,proxy-P8-L1,1048576,64,200,0,8,1,9,2788.399,2787.658,2789.812,2787.938,2788.900
GRID,path,config,bytes,K,D,B,P,L,samples,median_us,min_us,max_us,p25_us,p75_us
GRID,proxy,spin-only,0,0,0,0,1,2,9,13.666,13.276,14.508,13.546,13.766
GRID,proxy,proxy-P1-L2,256,4,0,0,1,2,9,31.862,30.058,32.724,31.651,32.082
GRID,proxy,proxy-P2-L2,256,4,0,0,2,2,9,25.680,24.437,26.361,25.600,26.040
GRID,proxy,proxy-P4-L2,256,4,0,0,4,2,9,23.766,23.285,24.317,23.766,24.066
GRID,proxy,proxy-P1-L2,256,16,0,0,1,2,9,67.741,66.328,68.713,67.331,68.002
GRID,proxy,proxy-P2-L2,256,16,0,0,2,2,9,43.004,41.851,45.188,42.803,43.314
GRID,proxy,proxy-P4-L2,256,16,0,0,4,2,9,33.605,31.912,38.344,33.023,34.136
GRID,proxy,proxy-P8-L2,256,16,0,0,8,2,9,34.407,30.970,40.619,32.472,36.150
GRID,proxy,proxy-P1-L2,256,64,0,0,1,2,9,213.664,209.115,215.688,211.058,215.057
GRID,proxy,proxy-P2-L2,256,64,0,0,2,2,9,115.844,114.421,117.417,115.724,116.897
GRID,proxy,proxy-P4-L2,256,64,0,0,4,2,9,71.218,69.855,73.603,70.707,71.939
GRID,proxy,proxy-P8-L2,256,64,0,0,8,2,9,68.834,63.352,69.695,67.421,69.255
GRID,proxy,proxy-P1-L2,4096,4,0,0,1,2,9,30.158,29.547,30.870,29.878,30.359
GRID,proxy,proxy-P2-L2,4096,4,0,0,2,2,9,24.958,24.587,25.870,24.798,25.730
GRID,proxy,proxy-P4-L2,4096,4,0,0,4,2,9,23.486,22.774,24.257,22.914,23.966
GRID,proxy,proxy-P1-L2,4096,16,0,0,1,2,9,67.381,66.108,68.713,66.429,68.213
GRID,proxy,proxy-P2-L2,4096,16,0,0,2,2,9,43.214,42.372,43.835,42.923,43.504
GRID,proxy,proxy-P4-L2,4096,16,0,0,4,2,9,32.904,31.962,34.366,32.774,33.685
GRID,proxy,proxy-P8-L2,4096,16,0,0,8,2,9,33.425,32.322,39.096,33.315,36.281
GRID,proxy,proxy-P1-L2,4096,64,0,0,1,2,9,214.235,208.493,218.453,211.730,215.708
GRID,proxy,proxy-P2-L2,4096,64,0,0,2,2,9,116.987,116.155,121.295,116.766,117.577
GRID,proxy,proxy-P4-L2,4096,64,0,0,4,2,9,71.459,69.645,72.250,70.727,71.619
GRID,proxy,proxy-P8-L2,4096,64,0,0,8,2,9,67.941,61.198,74.825,67.441,70.055
GRID,proxy,proxy-P1-L2,65536,4,0,0,1,2,9,32.754,32.172,33.876,32.403,33.365
GRID,proxy,proxy-P2-L2,65536,4,0,0,2,2,9,32.142,31.561,32.443,32.082,32.352
GRID,proxy,proxy-P4-L2,65536,4,0,0,4,2,9,32.182,31.882,32.784,32.022,32.593
GRID,proxy,proxy-P1-L2,65536,16,0,0,1,2,9,69.335,67.220,71.659,68.402,70.817
GRID,proxy,proxy-P2-L2,65536,16,0,0,2,2,9,64.555,64.194,65.767,64.425,64.805
GRID,proxy,proxy-P4-L2,65536,16,0,0,4,2,9,64.615,64.334,66.068,64.495,65.246
GRID,proxy,proxy-P8-L2,65536,16,0,0,8,2,9,64.675,64.034,67.180,64.205,66.037
GRID,proxy,proxy-P1-L2,65536,64,0,0,1,2,9,216.009,210.046,219.756,214.856,217.952
GRID,proxy,proxy-P2-L2,65536,64,0,0,2,2,9,194.036,193.344,194.517,193.435,194.096
GRID,proxy,proxy-P4-L2,65536,64,0,0,4,2,9,194.156,193.535,195.439,193.895,194.797
GRID,proxy,proxy-P8-L2,65536,64,0,0,8,2,9,196.931,193.695,202.673,195.077,198.865
GRID,proxy,proxy-P1-L2,1048576,4,0,0,1,2,9,193.775,192.893,194.777,193.455,193.955
GRID,proxy,proxy-P2-L2,1048576,4,0,0,2,2,9,194.036,193.585,195.489,193.785,194.287
GRID,proxy,proxy-P4-L2,1048576,4,0,0,4,2,9,194.136,193.896,194.887,194.076,194.627
GRID,proxy,proxy-P1-L2,1048576,16,0,0,1,2,9,712.380,711.548,713.361,712.180,712.640
GRID,proxy,proxy-P2-L2,1048576,16,0,0,2,2,9,712.550,712.079,713.472,712.240,713.172
GRID,proxy,proxy-P4-L2,1048576,16,0,0,4,2,9,712.650,712.239,713.752,712.410,713.021
GRID,proxy,proxy-P8-L2,1048576,16,0,0,8,2,9,713.512,712.580,717.660,712.920,714.333
GRID,proxy,proxy-P1-L2,1048576,64,0,0,1,2,9,2786.387,2786.236,2787.469,2786.296,2786.828
GRID,proxy,proxy-P2-L2,1048576,64,0,0,2,2,9,2786.698,2786.337,2788.932,2786.507,2787.699
GRID,proxy,proxy-P4-L2,1048576,64,0,0,4,2,9,2787.459,2786.287,2789.563,2786.607,2788.210
GRID,proxy,proxy-P8-L2,1048576,64,0,0,8,2,9,2787.069,2786.366,2787.940,2786.727,2787.419
GRID,proxy,spin-only,0,0,50,0,1,2,9,61.369,60.898,62.110,61.049,61.770
GRID,proxy,proxy-P1-L2,256,4,50,0,1,2,9,78.943,78.452,79.504,78.833,79.183
GRID,proxy,proxy-P2-L2,256,4,50,0,2,2,9,72.871,72.370,74.555,72.481,73.403
GRID,proxy,proxy-P4-L2,256,4,50,0,4,2,9,71.298,70.386,71.789,70.737,71.479
GRID,proxy,proxy-P1-L2,256,16,50,0,1,2,9,116.065,114.521,117.728,114.622,116.636
GRID,proxy,proxy-P2-L2,256,16,50,0,2,2,9,90.986,90.125,91.898,90.715,91.427
GRID,proxy,proxy-P4-L2,256,16,50,0,4,2,9,80.025,79.514,81.177,79.835,80.446
GRID,proxy,proxy-P8-L2,256,16,50,0,8,2,9,78.833,78.422,80.406,78.653,79.294
GRID,proxy,proxy-P1-L2,256,64,50,0,1,2,9,263.711,257.800,266.907,258.691,265.234
GRID,proxy,proxy-P2-L2,256,64,50,0,2,2,9,164.218,163.457,166.412,163.757,164.629
GRID,proxy,proxy-P4-L2,256,64,50,0,4,2,9,117.758,116.706,118.630,117.137,118.420
GRID,proxy,proxy-P8-L2,256,64,50,0,8,2,9,111.135,108.570,114.712,110.083,111.777
GRID,proxy,proxy-P1-L2,4096,4,50,0,1,2,9,78.853,78.071,82.760,78.852,79.173
GRID,proxy,proxy-P2-L2,4096,4,50,0,2,2,9,72.630,72.440,73.312,72.450,73.012
GRID,proxy,proxy-P4-L2,4096,4,50,0,4,2,9,70.997,70.587,72.019,70.727,71.058
GRID,proxy,proxy-P1-L2,4096,16,50,0,1,2,9,115.644,114.311,117.728,114.972,116.615
GRID,proxy,proxy-P2-L2,4096,16,50,0,2,2,9,91.317,90.144,91.999,91.036,91.477
GRID,proxy,proxy-P4-L2,4096,16,50,0,4,2,9,80.285,79.935,81.778,80.195,80.866
GRID,proxy,proxy-P8-L2,4096,16,50,0,8,2,9,79.955,78.853,85.545,79.104,80.205
GRID,proxy,proxy-P1-L2,4096,64,50,0,1,2,9,263.270,257.158,266.516,262.579,265.815
GRID,proxy,proxy-P2-L2,4096,64,50,0,2,2,9,164.238,163.096,168.827,163.677,164.870
GRID,proxy,proxy-P4-L2,4096,64,50,0,4,2,9,117.818,117.047,119.221,117.538,118.149
GRID,proxy,proxy-P8-L2,4096,64,50,0,8,2,9,110.744,107.950,113.500,109.041,112.558
GRID,proxy,proxy-P1-L2,65536,4,50,0,1,2,9,78.642,78.392,79.664,78.532,79.293
GRID,proxy,proxy-P2-L2,65536,4,50,0,2,2,9,72.641,72.350,79.774,72.541,73.001
GRID,proxy,proxy-P4-L2,65536,4,50,0,4,2,9,70.978,70.487,72.460,70.847,71.288
GRID,proxy,proxy-P1-L2,65536,16,50,0,1,2,9,115.443,114.502,116.836,115.103,116.125
GRID,proxy,proxy-P2-L2,65536,16,50,0,2,2,9,91.036,90.024,91.948,90.805,91.147
GRID,proxy,proxy-P4-L2,65536,16,50,0,4,2,9,80.546,79.825,81.287,79.925,80.866
GRID,proxy,proxy-P8-L2,65536,16,50,0,8,2,9,79.443,78.612,80.415,79.144,79.564
GRID,proxy,proxy-P1-L2,65536,64,50,0,1,2,9,262.368,255.936,265.324,261.938,264.212
GRID,proxy,proxy-P2-L2,65536,64,50,0,2,2,9,193.805,193.184,194.156,193.465,194.016
GRID,proxy,proxy-P4-L2,65536,64,50,0,4,2,9,194.567,193.806,196.591,194.317,194.848
GRID,proxy,proxy-P8-L2,65536,64,50,0,8,2,9,194.717,194.196,196.481,194.377,194.978
GRID,proxy,proxy-P1-L2,1048576,4,50,0,1,2,9,193.706,193.275,194.507,193.434,194.086
GRID,proxy,proxy-P2-L2,1048576,4,50,0,2,2,9,193.925,193.194,194.677,193.455,194.396
GRID,proxy,proxy-P4-L2,1048576,4,50,0,4,2,9,194.306,193.495,194.997,194.016,194.667
GRID,proxy,proxy-P1-L2,1048576,16,50,0,1,2,9,712.630,712.230,712.991,712.339,712.700
GRID,proxy,proxy-P2-L2,1048576,16,50,0,2,2,9,712.560,712.059,713.833,712.389,713.623
GRID,proxy,proxy-P4-L2,1048576,16,50,0,4,2,9,713.201,712.210,714.724,712.590,713.401
GRID,proxy,proxy-P8-L2,1048576,16,50,0,8,2,9,713.812,712.740,715.044,713.001,714.334
GRID,proxy,proxy-P1-L2,1048576,64,50,0,1,2,9,2786.577,2785.996,2788.330,2786.257,2787.239
GRID,proxy,proxy-P2-L2,1048576,64,50,0,2,2,9,2787.419,2786.207,2788.791,2786.798,2788.160
GRID,proxy,proxy-P4-L2,1048576,64,50,0,4,2,9,2787.299,2786.417,2787.940,2786.778,2787.479
GRID,proxy,proxy-P8-L2,1048576,64,50,0,8,2,9,2787.570,2787.108,2790.836,2787.309,2787.939
GRID,proxy,spin-only,0,0,200,0,1,2,9,211.410,210.899,213.293,211.320,211.921
GRID,proxy,proxy-P1-L2,256,4,200,0,1,2,9,229.164,228.262,229.896,229.064,229.575
GRID,proxy,proxy-P2-L2,256,4,200,0,2,2,9,222.611,222.391,224.274,222.441,223.162
GRID,proxy,proxy-P4-L2,256,4,200,0,4,2,9,220.888,220.237,222.381,220.577,221.128
GRID,proxy,proxy-P1-L2,256,16,200,0,1,2,9,265.574,263.961,267.187,265.224,266.526
GRID,proxy,proxy-P2-L2,256,16,200,0,2,2,9,241.107,240.466,242.409,240.976,241.407
GRID,proxy,proxy-P4-L2,256,16,200,0,4,2,9,230.075,229.424,230.978,229.935,230.697
GRID,proxy,proxy-P8-L2,256,16,200,0,8,2,9,229.985,228.081,232.040,229.465,230.727
GRID,proxy,proxy-P1-L2,256,64,200,0,1,2,9,413.301,406.808,417.589,411.436,414.453
GRID,proxy,proxy-P2-L2,256,64,200,0,2,2,9,314.258,312.856,315.912,313.918,315.040
GRID,proxy,proxy-P4-L2,256,64,200,0,4,2,9,267.739,267.058,268.710,267.297,267.959
GRID,proxy,proxy-P8-L2,256,64,200,0,8,2,9,260.194,254.082,263.600,259.793,260.896
GRID,proxy,proxy-P1-L2,4096,4,200,0,1,2,9,229.113,228.222,229.966,228.743,229.274
GRID,proxy,proxy-P2-L2,4096,4,200,0,2,2,9,222.882,222.221,223.593,222.701,223.262
GRID,proxy,proxy-P4-L2,4096,4,200,0,4,2,9,220.988,220.447,221.940,220.637,221.248
GRID,proxy,proxy-P1-L2,4096,16,200,0,1,2,9,266.075,264.102,267.628,265.294,266.566
GRID,proxy,proxy-P2-L2,4096,16,200,0,2,2,9,240.897,240.405,241.478,240.656,241.317
GRID,proxy,proxy-P4-L2,4096,16,200,0,4,2,9,230.286,229.505,231.188,230.055,230.376
GRID,proxy,proxy-P8-L2,4096,16,200,0,8,2,9,229.204,228.904,230.837,229.074,229.585
GRID,proxy,proxy-P1-L2,4096,64,200,0,1,2,9,411.777,406.627,414.863,409.383,412.960
GRID,proxy,proxy-P2-L2,4096,64,200,0,2,2,9,313.848,313.307,314.799,313.537,313.978
GRID,proxy,proxy-P4-L2,4096,64,200,0,4,2,9,267.969,266.536,268.580,267.558,268.099
GRID,proxy,proxy-P8-L2,4096,64,200,0,8,2,9,261.777,255.224,262.929,259.923,262.548
GRID,proxy,proxy-P1-L2,65536,4,200,0,1,2,9,228.933,227.661,230.396,228.663,229.044
GRID,proxy,proxy-P2-L2,65536,4,200,0,2,2,9,223.092,222.120,226.328,222.762,223.353
GRID,proxy,proxy-P4-L2,65536,4,200,0,4,2,9,220.908,220.457,221.509,220.537,221.259
GRID,proxy,proxy-P1-L2,65536,16,200,0,1,2,9,265.775,264.342,267.729,265.434,266.065
GRID,proxy,proxy-P2-L2,65536,16,200,0,2,2,9,240.756,240.216,241.798,240.676,241.237
GRID,proxy,proxy-P4-L2,65536,16,200,0,4,2,9,230.006,229.464,231.779,229.665,230.086
GRID,proxy,proxy-P8-L2,65536,16,200,0,8,2,9,229.424,228.663,232.510,229.255,229.654
GRID,proxy,proxy-P1-L2,65536,64,200,0,1,2,9,411.897,407.900,416.326,409.483,412.840
GRID,proxy,proxy-P2-L2,65536,64,200,0,2,2,9,313.567,312.465,315.060,312.956,314.068
GRID,proxy,proxy-P4-L2,65536,64,200,0,4,2,9,267.327,266.507,268.099,266.706,267.458
GRID,proxy,proxy-P8-L2,65536,64,200,0,8,2,9,262.539,257.990,263.751,261.476,263.330
GRID,proxy,proxy-P1-L2,1048576,4,200,0,1,2,9,228.533,228.041,229.695,228.312,229.384
GRID,proxy,proxy-P2-L2,1048576,4,200,0,2,2,9,222.551,222.331,223.503,222.391,223.033
GRID,proxy,proxy-P4-L2,1048576,4,200,0,4,2,9,220.888,220.257,224.805,220.577,221.219
GRID,proxy,proxy-P1-L2,1048576,16,200,0,1,2,9,712.631,711.849,715.506,711.919,713.482
GRID,proxy,proxy-P2-L2,1048576,16,200,0,2,2,9,712.470,711.899,713.712,712.190,712.871
GRID,proxy,proxy-P4-L2,1048576,16,200,0,4,2,9,712.981,712.039,713.792,712.600,713.322
GRID,proxy,proxy-P8-L2,1048576,16,200,0,8,2,9,713.592,712.881,714.434,713.151,714.073
GRID,proxy,proxy-P1-L2,1048576,64,200,0,1,2,9,2786.436,2786.247,2787.208,2786.337,2786.657
GRID,proxy,proxy-P2-L2,1048576,64,200,0,2,2,9,2786.617,2785.886,2787.669,2786.577,2787.529
GRID,proxy,proxy-P4-L2,1048576,64,200,0,4,2,9,2787.368,2786.968,2788.180,2787.328,2787.449
GRID,proxy,proxy-P8-L2,1048576,64,200,0,8,2,9,2787.479,2786.908,2790.094,2786.999,2788.010
GRID,path,config,bytes,K,D,B,P,L,samples,median_us,min_us,max_us,p25_us,p75_us
GRID,proxy,spin-only,0,0,0,0,1,4,9,13.476,13.025,14.218,13.416,13.667
GRID,proxy,proxy-P1-L4,256,4,0,0,1,4,9,32.162,29.877,33.475,30.930,32.533
GRID,proxy,proxy-P2-L4,256,4,0,0,2,4,9,26.171,24.347,26.973,24.738,26.200
GRID,proxy,proxy-P4-L4,256,4,0,0,4,4,9,24.217,22.924,25.810,23.877,24.447
GRID,proxy,proxy-P1-L4,256,16,0,0,1,4,9,69.374,67.271,71.829,68.814,69.806
GRID,proxy,proxy-P2-L4,256,16,0,0,2,4,9,44.717,43.154,47.192,44.075,45.368
GRID,proxy,proxy-P4-L4,256,16,0,0,4,4,9,36.881,35.699,41.861,36.481,40.779
GRID,proxy,proxy-P8-L4,256,16,0,0,8,4,9,36.310,33.635,40.899,36.190,37.583
GRID,proxy,proxy-P1-L4,256,64,0,0,1,4,9,217.932,211.800,224.665,216.209,221.328
GRID,proxy,proxy-P2-L4,256,64,0,0,2,4,9,120.052,119.161,120.854,119.622,120.724
GRID,proxy,proxy-P4-L4,256,64,0,0,4,4,9,84.584,77.610,90.585,79.093,87.981
GRID,proxy,proxy-P8-L4,256,64,0,0,8,4,9,71.789,64.435,85.686,66.989,73.021
GRID,proxy,proxy-P1-L4,4096,4,0,0,1,4,9,31.111,29.688,31.842,30.189,31.290
GRID,proxy,proxy-P2-L4,4096,4,0,0,2,4,9,25.599,24.748,26.181,25.179,25.680
GRID,proxy,proxy-P4-L4,4096,4,0,0,4,4,9,22.965,22.263,23.816,22.333,23.275
GRID,proxy,proxy-P1-L4,4096,16,0,0,1,4,9,68.683,66.909,69.625,67.722,69.024
GRID,proxy,proxy-P2-L4,4096,16,0,0,2,4,9,45.088,43.725,45.398,44.195,45.148
GRID,proxy,proxy-P4-L4,4096,16,0,0,4,4,9,37.262,32.163,41.641,35.710,38.635
GRID,proxy,proxy-P8-L4,4096,16,0,0,8,4,9,36.661,31.070,41.580,34.768,36.951
GRID,proxy,proxy-P1-L4,4096,64,0,0,1,4,9,217.742,214.937,226.519,215.858,219.786
GRID,proxy,proxy-P2-L4,4096,64,0,0,2,4,9,119.892,119.151,121.886,119.371,120.413
GRID,proxy,proxy-P4-L4,4096,64,0,0,4,4,9,81.337,78.853,89.032,80.456,87.269
GRID,proxy,proxy-P8-L4,4096,64,0,0,8,4,9,67.029,62.150,72.370,65.567,71.118
GRID,proxy,proxy-P1-L4,65536,4,0,0,1,4,9,32.874,32.432,33.966,32.713,33.224
GRID,proxy,proxy-P2-L4,65536,4,0,0,2,4,9,32.203,31.351,32.974,32.122,32.412
GRID,proxy,proxy-P4-L4,65536,4,0,0,4,4,9,32.122,31.912,33.244,32.082,32.422
GRID,proxy,proxy-P1-L4,65536,16,0,0,1,4,9,71.589,69.044,72.551,70.446,71.719
GRID,proxy,proxy-P2-L4,65536,16,0,0,2,4,9,64.645,63.984,64.786,64.365,64.685
GRID,proxy,proxy-P4-L4,65536,16,0,0,4,4,9,64.254,63.963,65.998,64.064,64.465
GRID,proxy,proxy-P8-L4,65536,16,0,0,8,4,9,64.665,63.814,65.868,64.475,64.996
GRID,proxy,proxy-P1-L4,65536,64,0,0,1,4,9,219.185,217.822,226.779,218.292,222.321
GRID,proxy,proxy-P2-L4,65536,64,0,0,2,4,9,193.475,193.134,194.627,193.454,193.695
GRID,proxy,proxy-P4-L4,65536,64,0,0,4,4,9,194.176,193.635,194.647,193.936,194.487
GRID,proxy,proxy-P8-L4,65536,64,0,0,8,4,9,193.976,193.385,195.869,193.885,194.687
GRID,proxy,proxy-P1-L4,1048576,4,0,0,1,4,9,193.685,193.024,194.286,193.535,193.855
GRID,proxy,proxy-P2-L4,1048576,4,0,0,2,4,9,194.076,193.164,196.541,193.805,194.116
GRID,proxy,proxy-P4-L4,1048576,4,0,0,4,4,9,193.575,193.255,194.927,193.524,194.387
GRID,proxy,proxy-P1-L4,1048576,16,0,0,1,4,9,712.399,712.109,712.680,712.190,712.590
GRID,proxy,proxy-P2-L4,1048576,16,0,0,2,4,9,712.550,712.109,713.703,712.390,712.740
GRID,proxy,proxy-P4-L4,1048576,16,0,0,4,4,9,712.900,712.380,713.652,712.810,713.321
GRID,proxy,proxy-P8-L4,1048576,16,0,0,8,4,9,713.091,712.039,714.333,712.790,713.542
GRID,proxy,proxy-P1-L4,1048576,64,0,0,1,4,9,2786.416,2785.965,2787.768,2786.186,2786.737
GRID,proxy,proxy-P2-L4,1048576,64,0,0,2,4,9,2786.727,2785.856,2787.358,2786.306,2786.917
GRID,proxy,proxy-P4-L4,1048576,64,0,0,4,4,9,2786.607,2785.955,2787.819,2786.467,2786.767
GRID,proxy,proxy-P8-L4,1048576,64,0,0,8,4,9,2787.428,2786.606,2788.500,2787.128,2787.438
GRID,proxy,spin-only,0,0,50,0,1,4,9,61.529,60.798,62.360,61.229,61.690
GRID,proxy,proxy-P1-L4,256,4,50,0,1,4,9,78.783,78.052,79.804,78.563,79.424
GRID,proxy,proxy-P2-L4,256,4,50,0,2,4,9,72.911,72.641,73.783,72.701,73.262
GRID,proxy,proxy-P4-L4,256,4,50,0,4,4,9,70.086,69.695,70.737,69.935,70.216
GRID,proxy,proxy-P1-L4,256,16,50,0,1,4,9,116.505,114.662,118.419,116.185,117.598
GRID,proxy,proxy-P2-L4,256,16,50,0,2,4,9,92.279,91.507,94.273,91.797,92.640
GRID,proxy,proxy-P4-L4,256,16,50,0,4,4,9,79.935,79.344,80.666,79.595,80.165
GRID,proxy,proxy-P8-L4,256,16,50,0,8,4,9,75.296,74.525,75.857,75.045,75.556
GRID,proxy,proxy-P1-L4,256,64,50,0,1,4,9,264.122,261.336,268.600,263.760,265.484
GRID,proxy,proxy-P2-L4,256,64,50,0,2,4,9,167.675,166.973,168.246,167.093,167.855
GRID,proxy,proxy-P4-L4,256,64,50,0,4,4,9,118.440,117.547,119.421,117.959,118.890
GRID,proxy,proxy-P8-L4,256,64,50,0,8,4,9,95.075,94.573,95.695,94.874,95.525
GRID,proxy,proxy-P1-L4,4096,4,50,0,1,4,9,79.333,78.142,83.071,79.193,79.544
GRID,proxy,proxy-P2-L4,4096,4,50,0,2,4,9,73.132,72.721,74.394,72.871,73.592
GRID,proxy,proxy-P4-L4,4096,4,50,0,4,4,9,70.316,69.976,70.607,70.046,70.457
GRID,proxy,proxy-P1-L4,4096,16,50,0,1,4,9,116.886,115.433,118.509,116.606,116.926
GRID,proxy,proxy-P2-L4,4096,16,50,0,2,4,9,92.830,91.478,93.090,92.609,92.900
GRID,proxy,proxy-P4-L4,4096,16,50,0,4,4,9,79.925,79.454,80.656,79.834,80.085
GRID,proxy,proxy-P8-L4,4096,16,50,0,8,4,9,75.566,74.885,76.699,75.296,75.937
GRID,proxy,proxy-P1-L4,4096,64,50,0,1,4,9,266.256,262.899,272.047,263.360,268.440
GRID,proxy,proxy-P2-L4,4096,64,50,0,2,4,9,167.965,166.492,168.978,167.795,168.447
GRID,proxy,proxy-P4-L4,4096,64,50,0,4,4,9,118.279,117.477,119.311,118.018,118.801
GRID,proxy,proxy-P8-L4,4096,64,50,0,8,4,9,94.824,94.223,95.835,94.543,95.435
GRID,proxy,proxy-P1-L4,65536,4,50,0,1,4,9,78.972,78.221,79.764,78.482,79.484
GRID,proxy,proxy-P2-L4,65536,4,50,0,2,4,9,73.112,72.711,74.033,72.861,73.372
GRID,proxy,proxy-P4-L4,65536,4,50,0,4,4,9,70.166,69.755,70.867,69.876,70.347
GRID,proxy,proxy-P1-L4,65536,16,50,0,1,4,9,116.666,114.622,119.572,116.466,117.979
GRID,proxy,proxy-P2-L4,65536,16,50,0,2,4,9,92.289,91.587,93.210,91.858,92.349
GRID,proxy,proxy-P4-L4,65536,16,50,0,4,4,9,79.965,79.214,81.127,79.574,80.256
GRID,proxy,proxy-P8-L4,65536,16,50,0,8,4,9,75.166,74.865,75.706,75.125,75.406
GRID,proxy,proxy-P1-L4,65536,64,50,0,1,4,9,264.833,259.142,269.843,262.699,267.839
GRID,proxy,proxy-P2-L4,65536,64,50,0,2,4,9,193.775,193.225,194.276,193.485,193.935
GRID,proxy,proxy-P4-L4,65536,64,50,0,4,4,9,194.035,193.605,195.087,193.765,194.567
GRID,proxy,proxy-P8-L4,65536,64,50,0,8,4,9,194.267,193.786,195.459,194.076,194.537
GRID,proxy,proxy-P1-L4,1048576,4,50,0,1,4,9,193.755,193.515,194.467,193.575,193.756
GRID,proxy,proxy-P2-L4,1048576,4,50,0,2,4,9,194.046,193.474,194.977,193.525,194.236
GRID,proxy,proxy-P4-L4,1048576,4,50,0,4,4,9,193.916,193.785,194.306,193.906,194.006
GRID,proxy,proxy-P1-L4,1048576,16,50,0,1,4,9,712.580,712.169,712.740,712.540,712.651
GRID,proxy,proxy-P2-L4,1048576,16,50,0,2,4,9,712.801,712.169,713.231,712.550,713.011
GRID,proxy,proxy-P4-L4,1048576,16,50,0,4,4,9,712.670,711.919,713.772,712.510,713.081
GRID,proxy,proxy-P8-L4,1048576,16,50,0,8,4,9,713.021,712.701,714.183,712.921,713.201
GRID,proxy,proxy-P1-L4,1048576,64,50,0,1,4,9,2786.477,2785.514,2787.278,2786.276,2786.747
GRID,proxy,proxy-P2-L4,1048576,64,50,0,2,4,9,2786.807,2785.675,2787.438,2786.347,2786.847
GRID,proxy,proxy-P4-L4,1048576,64,50,0,4,4,9,2786.707,2786.256,2787.358,2786.527,2786.827
GRID,proxy,proxy-P8-L4,1048576,64,50,0,8,4,9,2787.068,2786.536,2788.020,2786.727,2787.529
GRID,proxy,spin-only,0,0,200,0,1,4,9,211.259,210.758,211.951,211.179,211.660
GRID,proxy,proxy-P1-L4,256,4,200,0,1,4,9,229.274,228.824,230.496,228.903,230.156
GRID,proxy,proxy-P2-L4,256,4,200,0,2,4,9,223.162,222.501,224.034,222.952,223.864
GRID,proxy,proxy-P4-L4,256,4,200,0,4,4,9,220.507,219.735,221.509,220.167,220.607
GRID,proxy,proxy-P1-L4,256,16,200,0,1,4,9,266.977,264.763,268.540,266.697,267.468
GRID,proxy,proxy-P2-L4,256,16,200,0,2,4,9,242.660,241.658,243.592,242.430,242.881
GRID,proxy,proxy-P4-L4,256,16,200,0,4,4,9,230.085,229.385,230.837,229.685,230.296
GRID,proxy,proxy-P8-L4,256,16,200,0,8,4,9,224.966,224.805,226.388,224.866,225.217
GRID,proxy,proxy-P1-L4,256,64,200,0,1,4,9,414.633,411.187,420.665,412.839,418.130
GRID,proxy,proxy-P2-L4,256,64,200,0,2,4,9,318.136,317.164,319.750,317.665,319.028
GRID,proxy,proxy-P4-L4,256,64,200,0,4,4,9,268.359,267.819,269.642,268.219,269.332
GRID,proxy,proxy-P8-L4,256,64,200,0,8,4,9,244.965,244.403,245.265,244.914,245.134
GRID,proxy,proxy-P1-L4,4096,4,200,0,1,4,9,229.294,228.392,230.577,228.673,230.006
GRID,proxy,proxy-P2-L4,4096,4,200,0,2,4,9,223.453,222.801,225.186,222.922,223.583
GRID,proxy,proxy-P4-L4,4096,4,200,0,4,4,9,220.528,220.096,221.128,220.327,220.828
GRID,proxy,proxy-P1-L4,4096,16,200,0,1,4,9,266.867,265.534,267.809,266.637,267.168
GRID,proxy,proxy-P2-L4,4096,16,200,0,2,4,9,242.470,241.448,244.093,242.039,243.382
GRID,proxy,proxy-P4-L4,4096,16,200,0,4,4,9,229.986,228.622,231.518,229.515,230.586
GRID,proxy,proxy-P8-L4,4096,16,200,0,8,4,9,225.447,224.374,225.907,224.916,225.496
GRID,proxy,proxy-P1-L4,4096,64,200,0,1,4,9,414.613,411.346,423.440,414.513,419.332
GRID,proxy,proxy-P2-L4,4096,64,200,0,2,4,9,318.136,317.215,319.910,317.945,318.416
GRID,proxy,proxy-P4-L4,4096,64,200,0,4,4,9,268.911,267.628,270.013,268.580,269.282
GRID,proxy,proxy-P8-L4,4096,64,200,0,8,4,9,244.804,244.323,245.255,244.633,245.054
GRID,proxy,proxy-P1-L4,65536,4,200,0,1,4,9,229.154,228.232,230.276,228.643,229.485
GRID,proxy,proxy-P2-L4,65536,4,200,0,2,4,9,223.012,222.681,226.990,222.842,223.623
GRID,proxy,proxy-P4-L4,65536,4,200,0,4,4,9,220.727,219.795,221.789,220.307,220.907
GRID,proxy,proxy-P1-L4,65536,16,200,0,1,4,9,266.937,265.745,268.590,266.245,267.367
GRID,proxy,proxy-P2-L4,65536,16,200,0,2,4,9,241.788,241.238,243.211,241.587,242.761
GRID,proxy,proxy-P4-L4,65536,16,200,0,4,4,9,229.765,228.983,230.567,229.434,230.356
GRID,proxy,proxy-P8-L4,65536,16,200,0,8,4,9,225.025,224.825,225.878,224.886,225.206
GRID,proxy,proxy-P1-L4,65536,64,200,0,1,4,9,416.367,410.375,421.366,413.250,419.202
GRID,proxy,proxy-P2-L4,65536,64,200,0,2,4,9,317.695,315.672,319.499,317.014,318.827
GRID,proxy,proxy-P4-L4,65536,64,200,0,4,4,9,268.420,267.799,270.864,268.099,268.881
GRID,proxy,proxy-P8-L4,65536,64,200,0,8,4,9,244.914,244.533,246.638,244.835,245.105
GRID,proxy,proxy-P1-L4,1048576,4,200,0,1,4,9,228.843,228.232,229.524,228.602,229.184
GRID,proxy,proxy-P2-L4,1048576,4,200,0,2,4,9,222.892,222.441,227.350,222.681,223.423
GRID,proxy,proxy-P4-L4,1048576,4,200,0,4,4,9,220.046,219.686,221.058,219.986,220.417
GRID,proxy,proxy-P1-L4,1048576,16,200,0,1,4,9,712.410,711.548,712.931,712.149,712.469
GRID,proxy,proxy-P2-L4,1048576,16,200,0,2,4,9,712.680,712.300,713.261,712.340,712.841
GRID,proxy,proxy-P4-L4,1048576,16,200,0,4,4,9,712.560,711.538,713.502,712.080,713.101
GRID,proxy,proxy-P8-L4,1048576,16,200,0,8,4,9,712.761,712.330,713.602,712.440,713.041
GRID,proxy,proxy-P1-L4,1048576,64,200,0,1,4,9,2785.966,2785.635,2787.298,2785.725,2786.507
GRID,proxy,proxy-P2-L4,1048576,64,200,0,2,4,9,2786.556,2785.855,2787.829,2786.236,2786.837
GRID,proxy,proxy-P4-L4,1048576,64,200,0,4,4,9,2786.787,2785.985,2787.038,2786.537,2786.897
GRID,proxy,proxy-P8-L4,1048576,64,200,0,8,4,9,2786.727,2786.226,2787.960,2786.667,2787.128
GRID,path,config,bytes,K,D,B,P,L,samples,median_us,min_us,max_us,p25_us,p75_us
GRID,proxy,spin-only,0,0,0,0,1,8,9,13.586,13.316,14.408,13.416,13.837
GRID,proxy,proxy-P1-L8,256,4,0,0,1,8,9,31.912,29.757,32.844,31.371,32.162
GRID,proxy,proxy-P2-L8,256,4,0,0,2,8,9,25.850,24.868,27.152,25.299,26.391
GRID,proxy,proxy-P4-L8,256,4,0,0,4,8,9,24.217,22.954,27.864,23.756,24.578
GRID,proxy,proxy-P1-L8,256,16,0,0,1,8,9,68.473,66.509,69.806,68.072,68.964
GRID,proxy,proxy-P2-L8,256,16,0,0,2,8,9,43.224,41.821,44.757,43.034,43.945
GRID,proxy,proxy-P4-L8,256,16,0,0,4,8,9,36.291,32.814,41.831,34.948,39.486
GRID,proxy,proxy-P8-L8,256,16,0,0,8,8,9,39.246,36.861,40.458,38.184,39.426
GRID,proxy,proxy-P1-L8,256,64,0,0,1,8,9,214.466,208.744,217.892,210.618,217.401
GRID,proxy,proxy-P2-L8,256,64,0,0,2,8,9,116.716,114.231,118.089,115.834,117.437
GRID,proxy,proxy-P4-L8,256,64,0,0,4,8,9,85.345,75.867,94.753,82.089,86.788
GRID,proxy,proxy-P8-L8,256,64,0,0,8,8,9,90.225,84.443,92.289,89.253,90.856
GRID,proxy,proxy-P1-L8,4096,4,0,0,1,8,9,30.408,29.668,31.210,29.978,30.910
GRID,proxy,proxy-P2-L8,4096,4,0,0,2,8,9,25.349,24.808,30.038,25.038,26.020
GRID,proxy,proxy-P4-L8,4096,4,0,0,4,8,9,23.375,22.875,28.936,22.985,23.796
GRID,proxy,proxy-P1-L8,4096,16,0,0,1,8,9,67.160,65.838,68.803,66.819,68.343
GRID,proxy,proxy-P2-L8,4096,16,0,0,2,8,9,43.945,42.993,44.877,43.133,44.146
GRID,proxy,proxy-P4-L8,4096,16,0,0,4,8,9,36.381,32.082,41.099,35.038,38.855
GRID,proxy,proxy-P8-L8,4096,16,0,0,8,8,9,40.479,35.529,45.789,38.715,44.236
GRID,proxy,proxy-P1-L8,4096,64,0,0,1,8,9,214.636,210.888,219.926,211.269,215.948
GRID,proxy,proxy-P2-L8,4096,64,0,0,2,8,9,116.666,115.283,119.291,115.754,117.217
GRID,proxy,proxy-P4-L8,4096,64,0,0,4,8,9,84.514,78.182,87.489,79.594,86.848
GRID,proxy,proxy-P8-L8,4096,64,0,0,8,8,9,88.361,82.840,96.908,85.064,91.167
GRID,proxy,proxy-P1-L8,65536,4,0,0,1,8,9,32.744,32.073,34.296,32.653,33.284
GRID,proxy,proxy-P2-L8,65536,4,0,0,2,8,9,32.473,31.771,33.655,32.313,32.573
GRID,proxy,proxy-P4-L8,65536,4,0,0,4,8,9,32.293,31.742,33.534,32.283,32.382
GRID,proxy,proxy-P1-L8,65536,16,0,0,1,8,9,69.865,68.142,71.799,69.034,71.138
GRID,proxy,proxy-P2-L8,65536,16,0,0,2,8,9,64.645,64.355,65.317,64.505,64.745
GRID,proxy,proxy-P4-L8,65536,16,0,0,4,8,9,64.865,63.914,69.254,64.384,65.026
GRID,proxy,proxy-P8-L8,65536,16,0,0,8,8,9,64.765,64.144,72.140,64.535,64.956
GRID,proxy,proxy-P1-L8,65536,64,0,0,1,8,9,216.779,210.277,219.035,214.235,216.980
GRID,proxy,proxy-P2-L8,65536,64,0,0,2,8,9,194.316,193.756,194.777,193.896,194.497
GRID,proxy,proxy-P4-L8,65536,64,0,0,4,8,9,194.467,193.565,194.988,194.327,194.707
GRID,proxy,proxy-P8-L8,65536,64,0,0,8,8,9,194.347,193.605,198.935,193.955,194.878
GRID,proxy,proxy-P1-L8,1048576,4,0,0,1,8,9,194.086,193.384,196.530,193.865,194.177
GRID,proxy,proxy-P2-L8,1048576,4,0,0,2,8,9,194.176,193.855,195.178,194.025,194.277
GRID,proxy,proxy-P4-L8,1048576,4,0,0,4,8,9,194.106,193.786,196.570,193.946,195.108
GRID,proxy,proxy-P1-L8,1048576,16,0,0,1,8,9,712.830,712.250,714.053,712.631,713.041
GRID,proxy,proxy-P2-L8,1048576,16,0,0,2,8,9,712.651,712.150,713.662,712.480,712.881
GRID,proxy,proxy-P4-L8,1048576,16,0,0,4,8,9,713.031,712.069,718.060,712.690,713.332
GRID,proxy,proxy-P8-L8,1048576,16,0,0,8,8,9,713.111,712.360,713.951,712.988,713.169
GRID,proxy,proxy-P1-L8,1048576,64,0,0,1,8,9,2786.988,2786.076,2788.101,2786.688,2787.378
GRID,proxy,proxy-P2-L8,1048576,64,0,0,2,8,9,2787.049,2786.437,2788.661,2786.808,2788.070
GRID,proxy,proxy-P4-L8,1048576,64,0,0,4,8,9,2787.379,2786.367,2788.501,2787.329,2788.281
GRID,proxy,proxy-P8-L8,1048576,64,0,0,8,8,9,2787.399,2786.157,2789.222,2786.568,2788.591
GRID,proxy,spin-only,0,0,50,0,1,8,9,61.359,61.079,62.562,61.339,61.459
GRID,proxy,proxy-P1-L8,256,4,50,0,1,8,9,79.204,77.661,79.364,79.134,79.265
GRID,proxy,proxy-P2-L8,256,4,50,0,2,8,9,73.012,72.682,73.363,72.912,73.253
GRID,proxy,proxy-P4-L8,256,4,50,0,4,8,9,70.086,69.506,70.858,69.987,70.337
GRID,proxy,proxy-P1-L8,256,16,50,0,1,8,9,115.766,114.614,117.529,115.445,116.647
GRID,proxy,proxy-P2-L8,256,16,50,0,2,8,9,91.508,90.747,92.210,91.238,91.739
GRID,proxy,proxy-P4-L8,256,16,50,0,4,8,9,79.865,78.783,81.208,79.314,80.156
GRID,proxy,proxy-P8-L8,256,16,50,0,8,8,9,74.355,73.964,74.946,74.134,74.575
GRID,proxy,proxy-P1-L8,256,64,50,0,1,8,9,262.401,256.910,267.871,259.705,264.184
GRID,proxy,proxy-P2-L8,256,64,50,0,2,8,9,164.350,162.727,167.336,164.110,164.861
GRID,proxy,proxy-P4-L8,256,64,50,0,4,8,9,116.447,115.685,118.100,115.846,117.079
GRID,proxy,proxy-P8-L8,256,64,50,0,8,8,9,93.472,92.721,95.446,93.272,93.923
GRID,proxy,proxy-P1-L8,4096,4,50,0,1,8,9,79.294,78.583,83.302,79.265,79.565
GRID,proxy,proxy-P2-L8,4096,4,50,0,2,8,9,73.222,72.512,74.145,72.962,73.283
GRID,proxy,proxy-P4-L8,4096,4,50,0,4,8,9,70.207,69.826,71.750,70.026,70.958
GRID,proxy,proxy-P1-L8,4096,16,50,0,1,8,9,116.467,115.184,117.219,115.605,116.797
GRID,proxy,proxy-P2-L8,4096,16,50,0,2,8,9,91.107,90.386,92.991,90.917,92.209
GRID,proxy,proxy-P4-L8,4096,16,50,0,4,8,9,79.915,78.784,80.486,79.524,80.246
GRID,proxy,proxy-P8-L8,4096,16,50,0,8,8,9,74.265,74.024,75.096,74.134,74.495
GRID,proxy,proxy-P1-L8,4096,64,50,0,1,8,9,263.393,256.339,267.150,262.611,264.805
GRID,proxy,proxy-P2-L8,4096,64,50,0,2,8,9,164.149,163.107,165.052,163.488,164.320
GRID,proxy,proxy-P4-L8,4096,64,50,0,4,8,9,116.196,115.795,116.968,115.976,116.276
GRID,proxy,proxy-P8-L8,4096,64,50,0,8,8,9,94.244,93.112,94.725,93.453,94.464
GRID,proxy,proxy-P1-L8,65536,4,50,0,1,8,9,79.645,78.323,80.948,79.194,79.886
GRID,proxy,proxy-P2-L8,65536,4,50,0,2,8,9,73.082,72.822,74.265,73.012,73.884
GRID,proxy,proxy-P4-L8,65536,4,50,0,4,8,9,70.237,69.786,71.469,69.956,70.628
GRID,proxy,proxy-P1-L8,65536,16,50,0,1,8,9,116.507,115.235,117.289,115.374,116.527
GRID,proxy,proxy-P2-L8,65536,16,50,0,2,8,9,91.839,90.336,92.360,90.987,91.869
GRID,proxy,proxy-P4-L8,65536,16,50,0,4,8,9,79.405,78.984,80.707,79.174,80.106
GRID,proxy,proxy-P8-L8,65536,16,50,0,8,8,9,74.335,73.563,74.866,74.295,74.585
GRID,proxy,proxy-P1-L8,65536,64,50,0,1,8,9,263.013,256.490,265.797,261.079,264.936
GRID,proxy,proxy-P2-L8,65536,64,50,0,2,8,9,194.088,193.537,195.571,193.958,194.569
GRID,proxy,proxy-P4-L8,65536,64,50,0,4,8,9,194.228,193.728,195.360,193.958,194.388
GRID,proxy,proxy-P8-L8,65536,64,50,0,8,8,9,194.679,193.537,198.256,194.349,195.270
GRID,proxy,proxy-P1-L8,1048576,4,50,0,1,8,9,194.047,193.256,194.409,193.747,194.138
GRID,proxy,proxy-P2-L8,1048576,4,50,0,2,8,9,194.449,193.477,195.220,194.249,194.629
GRID,proxy,proxy-P4-L8,1048576,4,50,0,4,8,9,194.759,193.446,197.334,194.539,195.451
GRID,proxy,proxy-P1-L8,1048576,16,50,0,1,8,9,712.909,711.716,713.410,712.458,713.109
GRID,proxy,proxy-P2-L8,1048576,16,50,0,2,8,9,713.449,712.468,713.770,712.898,713.530
GRID,proxy,proxy-P4-L8,1048576,16,50,0,4,8,9,713.340,712.348,714.281,712.928,713.700
GRID,proxy,proxy-P8-L8,1048576,16,50,0,8,8,9,713.800,712.638,715.484,712.918,714.592
GRID,proxy,proxy-P1-L8,1048576,64,50,0,1,8,9,2786.707,2786.176,2788.070,2786.528,2786.948
GRID,proxy,proxy-P2-L8,1048576,64,50,0,2,8,9,2787.629,2786.939,2788.892,2787.159,2787.820
GRID,proxy,proxy-P4-L8,1048576,64,50,0,4,8,9,2786.858,2786.428,2787.830,2786.798,2787.239
GRID,proxy,proxy-P8-L8,1048576,64,50,0,8,8,9,2788.351,2786.708,2789.794,2787.970,2788.782
GRID,proxy,spin-only,0,0,200,0,1,8,9,211.783,210.630,212.264,210.941,211.973
GRID,proxy,proxy-P1-L8,256,4,200,0,1,8,9,229.087,228.285,230.018,229.007,229.367
GRID,proxy,proxy-P2-L8,256,4,200,0,2,8,9,223.255,222.804,224.017,223.164,223.785
GRID,proxy,proxy-P4-L8,256,4,200,0,4,8,9,220.710,219.768,222.643,220.039,220.930
GRID,proxy,proxy-P1-L8,256,16,200,0,1,8,9,265.447,264.335,267.521,264.765,267.070
GRID,proxy,proxy-P2-L8,256,16,200,0,2,8,9,241.750,240.619,242.512,241.500,241.931
GRID,proxy,proxy-P4-L8,256,16,200,0,4,8,9,229.878,229.567,230.980,229.627,229.948
GRID,proxy,proxy-P8-L8,256,16,200,0,8,8,9,224.597,224.086,225.359,224.096,224.978
GRID,proxy,proxy-P1-L8,256,64,200,0,1,8,9,413.195,407.253,415.299,412.633,413.906
GRID,proxy,proxy-P2-L8,256,64,200,0,2,8,9,314.853,312.769,317.489,313.801,315.033
GRID,proxy,proxy-P4-L8,256,64,200,0,4,8,9,266.550,265.847,268.443,266.429,267.542
GRID,proxy,proxy-P8-L8,256,64,200,0,8,8,9,243.734,242.793,245.458,243.244,244.015
GRID,proxy,proxy-P1-L8,4096,4,200,0,1,8,9,229.397,228.615,230.580,229.136,229.557
GRID,proxy,proxy-P2-L8,4096,4,200,0,2,8,9,223.466,222.774,223.996,223.175,223.605
GRID,proxy,proxy-P4-L8,4096,4,200,0,4,8,9,220.349,220.009,222.383,220.219,220.960
GRID,proxy,proxy-P1-L8,4096,16,200,0,1,8,9,267.060,264.435,270.818,266.088,267.632
GRID,proxy,proxy-P2-L8,4096,16,200,0,2,8,9,241.941,240.508,242.452,241.139,242.122
GRID,proxy,proxy-P4-L8,4096,16,200,0,4,8,9,229.658,229.046,231.020,229.608,230.189
GRID,proxy,proxy-P8-L8,4096,16,200,0,8,8,9,224.347,223.726,225.038,224.066,224.668
GRID,proxy,proxy-P1-L8,4096,64,200,0,1,8,9,413.476,407.003,414.998,410.089,414.728
GRID,proxy,proxy-P2-L8,4096,64,200,0,2,8,9,314.292,312.689,315.224,313.721,314.443
GRID,proxy,proxy-P4-L8,4096,64,200,0,4,8,9,266.730,265.457,267.782,265.727,266.910
GRID,proxy,proxy-P8-L8,4096,64,200,0,8,8,9,243.705,243.023,244.626,243.414,244.125
GRID,proxy,proxy-P1-L8,65536,4,200,0,1,8,9,229.447,228.685,230.479,228.866,229.758
GRID,proxy,proxy-P2-L8,65536,4,200,0,2,8,9,223.045,222.473,227.042,222.814,223.455
GRID,proxy,proxy-P4-L8,65536,4,200,0,4,8,9,220.589,219.588,225.589,220.439,220.750
GRID,proxy,proxy-P1-L8,65536,16,200,0,1,8,9,267.250,264.515,267.652,265.226,267.631
GRID,proxy,proxy-P2-L8,65536,16,200,0,2,8,9,241.430,240.639,242.492,241.170,242.031
GRID,proxy,proxy-P4-L8,65536,16,200,0,4,8,9,229.617,229.106,230.358,229.377,229.928
GRID,proxy,proxy-P8-L8,65536,16,200,0,8,8,9,224.408,223.956,225.519,224.196,224.547
GRID,proxy,proxy-P1-L8,65536,64,200,0,1,8,9,413.545,406.682,416.842,411.582,415.931
GRID,proxy,proxy-P2-L8,65536,64,200,0,2,8,9,313.721,313.060,315.925,313.471,314.563
GRID,proxy,proxy-P4-L8,65536,64,200,0,4,8,9,266.759,265.447,268.032,266.349,267.231
GRID,proxy,proxy-P8-L8,65536,64,200,0,8,8,9,243.835,243.294,244.606,243.724,244.216
GRID,proxy,proxy-P1-L8,1048576,4,200,0,1,8,9,229.116,228.355,230.389,228.816,229.757
GRID,proxy,proxy-P2-L8,1048576,4,200,0,2,8,9,222.944,222.674,223.736,222.894,222.994
GRID,proxy,proxy-P4-L8,1048576,4,200,0,4,8,9,220.310,219.627,221.050,220.159,220.630
GRID,proxy,proxy-P1-L8,1048576,16,200,0,1,8,9,712.568,711.616,714.321,712.208,712.979
GRID,proxy,proxy-P2-L8,1048576,16,200,0,2,8,9,713.009,712.287,713.670,712.518,713.300
GRID,proxy,proxy-P4-L8,1048576,16,200,0,4,8,9,712.758,712.317,714.582,712.437,713.029
GRID,proxy,proxy-P8-L8,1048576,16,200,0,8,8,9,712.879,712.467,714.953,712.628,713.459
GRID,proxy,proxy-P1-L8,1048576,64,200,0,1,8,9,2786.798,2786.177,2787.189,2786.658,2787.019
GRID,proxy,proxy-P2-L8,1048576,64,200,0,2,8,9,2787.068,2786.377,2788.100,2786.688,2787.921
GRID,proxy,proxy-P4-L8,1048576,64,200,0,4,8,9,2787.299,2786.507,2788.091,2786.768,2787.400
GRID,proxy,proxy-P8-L8,1048576,64,200,0,8,8,9,2787.339,2786.718,2789.252,2787.229,2788.361
