GRID,path,config,bytes,K,D,B,P,L,samples,median_us,min_us,max_us,p25_us,p75_us,pairs
GRID,trigger,spin-only,0,0,0,0,1,1,9,14.258,13.917,18.045,14.067,14.578,2
GRID,trigger,trig-B1,256,2,0,1,1,0,9,24.157,23.035,35.699,23.816,24.327,2
GRID,trigger,trig-B2,256,2,0,2,1,0,9,22.052,21.341,28.836,21.752,23.215,2
GRID,trigger,trig-B1,256,8,0,1,1,0,9,41.490,38.745,68.523,40.659,42.181,2
GRID,trigger,trig-B2,256,8,0,2,1,0,9,34.566,32.984,52.341,33.465,35.859,2
GRID,trigger,trig-B4,256,8,0,4,1,0,9,29.868,28.224,48.203,29.227,40.428,2
GRID,trigger,trig-B8,256,8,0,8,1,0,9,28.425,26.832,36.100,27.974,29.336,2
GRID,trigger,trig-B1,256,32,0,1,1,0,9,105.925,102.238,157.576,104.843,119.813,2
GRID,trigger,trig-B2,256,32,0,2,1,0,9,89.904,78.492,99.743,87.289,94.754,2
GRID,trigger,trig-B4,256,32,0,4,1,0,9,72.280,62.531,83.532,67.641,73.221,2
GRID,trigger,trig-B8,256,32,0,8,1,0,9,60.016,53.023,76.448,58.263,66.198,2
GRID,trigger,trig-B16,256,32,0,16,1,0,9,70.036,63.804,88.521,65.617,72.741,2
GRID,trigger,trig-B32,256,32,0,32,1,0,9,67.881,62.011,81.658,67.080,74.173,2
GRID,path,config,bytes,K,D,B,P,L,samples,median_us,min_us,max_us,p25_us,p75_us,pairs
GRID,proxy,spin-only,0,0,0,0,1,1,9,13.125,12.975,13.476,13.055,13.175,2
GRID,proxy,proxy-P1-L1,256,2,0,0,1,1,9,27.163,25.038,30.790,26.772,27.393,2
GRID,proxy,proxy-P2-L1,256,2,0,0,2,1,9,23.476,22.945,24.398,23.385,23.967,2
GRID,proxy,proxy-P1-L1,256,8,0,0,1,1,9,44.326,41.390,46.219,43.314,44.997,2
GRID,proxy,proxy-P2-L1,256,8,0,0,2,1,9,33.866,32.303,35.569,33.324,34.477,2
GRID,proxy,proxy-P4-L1,256,8,0,0,4,1,9,33.195,31.171,36.681,32.263,34.978,2
GRID,path,config,bytes,K,D,B,P,L,samples,median_us,min_us,max_us,p25_us,p75_us,pairs
GRID,proxy,spin-only,0,0,0,0,1,2,9,12.605,12.334,13.886,12.575,13.266,2
GRID,proxy,proxy-P1-L2,256,2,0,0,1,2,9,26.211,24.407,27.293,24.838,26.551,2
GRID,proxy,proxy-P2-L2,256,2,0,0,2,2,9,23.545,22.023,25.779,22.934,24.517,2
GRID,proxy,proxy-P1-L2,256,8,0,0,1,2,9,42.973,41.811,44.767,42.312,43.635,2
GRID,proxy,proxy-P2-L2,256,8,0,0,2,2,9,33.445,32.072,33.915,32.273,33.635,2
GRID,proxy,proxy-P4-L2,256,8,0,0,4,2,9,27.703,26.662,29.888,27.363,28.285,2
GRID,proxy,proxy-P8-L2,256,8,0,0,8,2,9,29.186,27.483,31.230,28.465,30.498,2
GRID,proxy,proxy-P1-L2,256,32,0,0,1,2,9,111.656,109.040,112.968,111.325,112.126,2
GRID,proxy,proxy-P2-L2,256,32,0,0,2,2,9,67.731,66.658,68.012,67.220,67.761,2
