job_id	kind	nodes	rpn	rep	grid	steps	order	queue
f5qWjETy6kYf	standard	1	1	1	800	100	trigger_overlap,proxy_overlap,proxy_serial,default_serial,default_overlap,trigger_serial	pci
f5qWjEgeScKh	standard	1	1	2	800	100	proxy_overlap,default_serial,proxy_serial,default_overlap,trigger_overlap,trigger_serial	pci
f5qWjEsjsEdM	standard	1	1	3	800	100	trigger_serial,trigger_overlap,proxy_serial,default_overlap,default_serial,proxy_overlap	pci
f5qWjF3KpbJf	standard	1	1	4	800	100	trigger_overlap,trigger_serial,default_serial,proxy_serial,default_overlap,proxy_overlap	pci
f5qWjFV7i6eb	standard	1	1	5	800	100	default_overlap,proxy_overlap,trigger_serial,default_serial,trigger_overlap,proxy_serial	pci
f5qWjFyigEzT	standard	1	8	1	800	100	proxy_serial,default_serial,proxy_overlap,trigger_serial,trigger_overlap,default_overlap	pci
f5qWjGRzjWgw	standard	1	8	2	800	100	trigger_overlap,proxy_serial,proxy_overlap,default_overlap,default_serial,trigger_serial	pci
f5qWjGqh42vb	standard	1	8	3	800	100	trigger_overlap,trigger_serial,proxy_serial,proxy_overlap,default_serial,default_overlap	pci
f5qWjHJi6wo5	standard	1	8	4	800	100	default_overlap,proxy_serial,default_serial,proxy_overlap,trigger_serial,trigger_overlap	pci
f5qWjHxr4UFZ	standard	1	8	5	800	100	trigger_serial,default_serial,proxy_overlap,trigger_overlap,default_overlap,proxy_serial	pci
f5qWjJQFiANK	standard	2	1	1	800	100	trigger_overlap,proxy_overlap,trigger_serial,default_serial,proxy_serial,default_overlap	pci
f5qWjJaAwMi7	standard	2	1	2	800	100	proxy_serial,trigger_overlap,default_serial,proxy_overlap,default_overlap,trigger_serial	pci
f5qWjJjAnzuV	standard	2	1	3	800	100	default_overlap,proxy_serial,trigger_serial,proxy_overlap,default_serial,trigger_overlap	pci
f5qWjJtkkMao	standard	2	1	4	800	100	trigger_serial,proxy_serial,trigger_overlap,default_serial,default_overlap,proxy_overlap	pci
f5qWjK5K3EyD	standard	2	1	5	800	100	proxy_serial,default_serial,default_overlap,trigger_serial,proxy_overlap,trigger_overlap	pci
f5qWjKJUYs6o	standard	2	8	1	800	100	default_serial,proxy_serial,default_overlap,trigger_serial,trigger_overlap,proxy_overlap	pci
f5qWjKWigw5y	standard	2	8	2	800	100	trigger_serial,default_overlap,trigger_overlap,proxy_overlap,proxy_serial,default_serial	pci
f5qWjKhTMjSo	standard	2	8	3	800	100	proxy_serial,proxy_overlap,trigger_serial,trigger_overlap,default_serial,default_overlap	pci
f5qWjKsFAzNs	standard	2	8	4	800	100	trigger_serial,default_serial,proxy_serial,proxy_overlap,trigger_overlap,default_overlap	pci
f5qWjL3XA1fV	standard	2	8	5	800	100	trigger_serial,trigger_overlap,proxy_serial,proxy_overlap,default_serial,default_overlap	pci
f5qWjLEnxYwZ	standard	4	1	1	800	100	trigger_overlap,trigger_serial,default_overlap,default_serial,proxy_serial,proxy_overlap	pci
f5qWjLSRWvAT	standard	4	1	2	800	100	trigger_overlap,proxy_serial,default_overlap,default_serial,proxy_overlap,trigger_serial	pci
f5qWjLc1UGqm	standard	4	1	3	800	100	trigger_overlap,default_serial,proxy_serial,trigger_serial,proxy_overlap,default_overlap	pci
f5qWjLmU1h7M	standard	4	1	4	800	100	trigger_serial,proxy_overlap,proxy_serial,trigger_overlap,default_serial,default_overlap	pci
f5qWjLvWqJsR	standard	4	1	5	800	100	trigger_serial,trigger_overlap,default_serial,proxy_serial,proxy_overlap,default_overlap	pci
f5qWjM5e6tUX	standard	4	8	1	800	100	proxy_overlap,default_overlap,trigger_serial,proxy_serial,trigger_overlap,default_serial	pci
f5qWjMEpLSeK	standard	4	8	2	800	100	trigger_overlap,trigger_serial,default_serial,proxy_overlap,default_overlap,proxy_serial	pci
f5qWjMSnAeXh	standard	4	8	3	800	100	default_serial,trigger_overlap,proxy_serial,trigger_serial,default_overlap,proxy_overlap	pci
f5qWjMj1anUf	standard	4	8	4	800	100	default_serial,default_overlap,trigger_serial,proxy_serial,proxy_overlap,trigger_overlap	pci
f5qWjMy21zud	standard	4	8	5	800	100	trigger_overlap,default_serial,proxy_serial,trigger_serial,proxy_overlap,default_overlap	pci
	standard	8	1	1	800	100	default_serial,proxy_serial,proxy_overlap,trigger_serial,trigger_overlap,default_overlap	pllm
	standard	8	1	2	800	100	default_overlap,proxy_serial,default_serial,trigger_serial,trigger_overlap,proxy_overlap	pllm
	standard	8	1	3	800	100	default_serial,trigger_serial,proxy_overlap,default_overlap,trigger_overlap,proxy_serial	pllm
	standard	8	1	4	800	100	trigger_overlap,proxy_serial,proxy_overlap,default_serial,trigger_serial,default_overlap	pllm
	standard	8	1	5	800	100	proxy_serial,default_overlap,default_serial,trigger_overlap,proxy_overlap,trigger_serial	pllm
	standard	8	8	1	800	100	proxy_serial,trigger_overlap,proxy_overlap,default_overlap,trigger_serial,default_serial	pllm
	standard	8	8	2	800	100	trigger_serial,default_overlap,default_serial,proxy_serial,trigger_overlap,proxy_overlap	pllm
	standard	8	8	3	800	100	proxy_serial,default_overlap,trigger_overlap,default_serial,trigger_serial,proxy_overlap	pllm
	standard	8	8	4	800	100	default_overlap,proxy_overlap,proxy_serial,trigger_serial,trigger_overlap,default_serial	pllm
	standard	8	8	5	800	100	default_serial,proxy_overlap,trigger_serial,proxy_serial,trigger_overlap,default_overlap	pllm
