rpn,nodes,arm,kernel_median_s,speedup_from_n1,parallel_efficiency
1,1,default_serial,3.27566,1.0,1.0
1,2,default_serial,1.71216,1.9131740024296795,0.9565870012148397
1,4,default_serial,1.02325,3.2012313706327875,0.8003078426581969
1,1,default_overlap,3.27761,1.0,1.0
1,2,default_overlap,1.66828,1.9646642050495122,0.9823321025247561
1,4,default_overlap,0.888604,3.6884934121385906,0.9221233530346477
1,1,trigger_serial,3.27538,1.0,1.0
1,2,trigger_serial,1.71231,1.912842884758017,0.9564214423790085
1,4,trigger_serial,1.02345,3.2003322096829354,0.8000830524207339
1,1,trigger_overlap,3.27662,1.0,1.0
1,2,trigger_overlap,1.66833,1.9640119161077243,0.9820059580538621
1,4,trigger_overlap,0.888684,3.687047364417498,0.9217618411043745
1,1,proxy_serial,3.276,1.0,1.0
1,2,proxy_serial,1.69414,1.933724485579704,0.966862242789852
1,4,proxy_serial,0.957126,3.4227468483773293,0.8556867120943323
1,1,proxy_overlap,3.27689,1.0,1.0
1,2,proxy_overlap,1.65028,1.9856569794216739,0.9928284897108369
1,4,proxy_overlap,0.868434,3.773332227895269,0.9433330569738172
8,1,default_serial,0.494177,1.0,1.0
8,2,default_serial,0.31148,1.5865448824964685,0.7932724412482343
8,4,default_serial,0.211833,2.3328612633536796,0.5832153158384199
8,1,default_overlap,0.456325,1.0,1.0
8,2,default_overlap,0.261847,1.7427161663108608,0.8713580831554304
8,4,default_overlap,0.159691,2.857549893231303,0.7143874733078257
8,1,trigger_serial,0.704177,1.0,1.0
8,2,trigger_serial,0.571438,1.232289417224616,0.616144708612308
8,4,trigger_serial,0.498915,1.411416774400449,0.3528541936001123
8,1,trigger_overlap,0.461903,1.0,1.0
8,2,trigger_overlap,0.371464,1.2434663924364138,0.6217331962182069
8,4,trigger_overlap,0.385452,1.198341168290734,0.2995852920726835
8,1,proxy_serial,0.651569,1.0,1.0
8,2,proxy_serial,0.481712,1.3526111037300295,0.6763055518650147
8,4,proxy_serial,0.397978,1.637198538612687,0.40929963465317176
8,1,proxy_overlap,0.455222,1.0,1.0
8,2,proxy_overlap,0.265096,1.7171967890877269,0.8585983945438634
8,4,proxy_overlap,0.27788,1.6381963437455016,0.4095490859363754
